ID,Category,Rule
1,Naming Standards,Normalized tables must have '_normalized' suffix in table name
2,Naming Standards,"All column names must use snake_case format (e.g., 'commodity_id','forecast_date"", 'abc_def', not 'abcDef' or 'ABC_DEF')"
3,Naming Standards,Table names must be lowercase with underscores only
4,Naming Standards,Column names must not exceed 64 characters
5,Naming Standards,"Table names must start with a letter, not a number"
6,Mandatory Columns,Table must contain 'sys_last_modified_datetime' column
7,Mandatory Columns,Table must contain 'sys_event' column
8,Mandatory Columns,Table must contain 'sys_valid_from' column
9,Mandatory Columns,Table must contain 'sys_valid_to' column
10,Mandatory Columns,Table must contain 'sys_is_active' column
11,Mandatory Columns,Table must contain 'sys_uid' column
12,Mandatory Columns,Table must contain 'sys_correlation_id' column
13,Mandatory Columns,"Table must contain an ontology column following the pattern <concept>_spot_id (e.g., uom_spot_id, commodity_spot_id, region_spot_id)"
14,Mandatory Tags,Table properties must include 'replication_status' tag
15,Mandatory Tags,Table properties must include 'checkpoint' tag
16,Mandatory Tags,Table properties must include 'it_owner' tag
17,Mandatory Tags,Table properties must include 'email_id' tag
18,Mandatory Tags,Table properties must include 'product' tag
19,Mandatory Tags,Table properties must include 'lifecycle' tag
20,Mandatory Tags,Table properties must include 'data_steward' tag
21,Semantic Metadata Standards,Table properties must include descriptive comments
22,Semantic Metadata Standards,Each column must include descriptive comments
23,Table Structure,Check if table has more than 10 columns
24,Normalization,"Check if the table columns are normalized (Yes/No), if no, explain if its denormalized and why ?"
