{
    "describe_table": {
        "table_name": "customer",
        "catalog": "samples",
        "schema": "tpch",
        "table_type": "MANAGED",
        "comment": "",
        "created_at": 1755339857581,
        "updated_at": 1755339857581,
        "owner": "System user",
        "columns": []
    },
    "describe_detail": {
        "location": "s3://system-tables-prod-us-east-2-uc-metastore-bucket/metastore/b622f329-0f39-444f-9dbb-5733ba3e2021/tables/d157258e-c8f5-41d0-9947-1425a2dce478",
        "provider": "DELTA",
        "table_id": "139228b4-2204-4f72-b689-20e33882d7fa",
        "metastore_id": "851f9499-ddfc-40a9-9bac-1fe4f4ca22ed",
        "full_name": "samples.tpch.customer",
        "detail_info": {}
    },
    "table_properties": {},
    "extended_info": {
        "sql_path": "",
        "browse_only": false,
        "enable_predictive_optimization": false,
        "pipeline_id": "",
        "effective_predictive_optimization_flag": {}
    }
}