{
    "describe_table": {
        "table_name": "catalog_returns",
        "catalog": "samples",
        "schema": "tpcds_sf1",
        "table_type": "MANAGED",
        "comment": "",
        "created_at": 1755342300328,
        "updated_at": 1755369180231,
        "owner": "System user",
        "columns": [
            {
                "name": "cr_returned_date_sk",
                "type_name": "INT",
                "type_text": "int",
                "type_json": "{\"name\":\"cr_returned_date_sk\",\"type\":\"integer\",\"nullable\":true,\"metadata\":{}}",
                "type_precision": 0,
                "type_scale": 0,
                "nullable": true,
                "position": 0,
                "comment": "",
                "partition_index": null,
                "type_interval_type": null
            },
            {
                "name": "cr_returned_time_sk",
                "type_name": "INT",
                "type_text": "int",
                "type_json": "{\"name\":\"cr_returned_time_sk\",\"type\":\"integer\",\"nullable\":true,\"metadata\":{}}",
                "type_precision": 0,
                "type_scale": 0,
                "nullable": true,
                "position": 1,
                "comment": "",
                "partition_index": null,
                "type_interval_type": null
            },
            {
                "name": "cr_item_sk",
                "type_name": "INT",
                "type_text": "int",
                "type_json": "{\"name\":\"cr_item_sk\",\"type\":\"integer\",\"nullable\":true,\"metadata\":{}}",
                "type_precision": 0,
                "type_scale": 0,
                "nullable": true,
                "position": 2,
                "comment": "",
                "partition_index": null,
                "type_interval_type": null
            },
            {
                "name": "cr_refunded_customer_sk",
                "type_name": "INT",
                "type_text": "int",
                "type_json": "{\"name\":\"cr_refunded_customer_sk\",\"type\":\"integer\",\"nullable\":true,\"metadata\":{}}",
                "type_precision": 0,
                "type_scale": 0,
                "nullable": true,
                "position": 3,
                "comment": "",
                "partition_index": null,
                "type_interval_type": null
            },
            {
                "name": "cr_refunded_cdemo_sk",
                "type_name": "INT",
                "type_text": "int",
                "type_json": "{\"name\":\"cr_refunded_cdemo_sk\",\"type\":\"integer\",\"nullable\":true,\"metadata\":{}}",
                "type_precision": 0,
                "type_scale": 0,
                "nullable": true,
                "position": 4,
                "comment": "",
                "partition_index": null,
                "type_interval_type": null
            },
            {
                "name": "cr_refunded_hdemo_sk",
                "type_name": "INT",
                "type_text": "int",
                "type_json": "{\"name\":\"cr_refunded_hdemo_sk\",\"type\":\"integer\",\"nullable\":true,\"metadata\":{}}",
                "type_precision": 0,
                "type_scale": 0,
                "nullable": true,
                "position": 5,
                "comment": "",
                "partition_index": null,
                "type_interval_type": null
            },
            {
                "name": "cr_refunded_addr_sk",
                "type_name": "INT",
                "type_text": "int",
                "type_json": "{\"name\":\"cr_refunded_addr_sk\",\"type\":\"integer\",\"nullable\":true,\"metadata\":{}}",
                "type_precision": 0,
                "type_scale": 0,
                "nullable": true,
                "position": 6,
                "comment": "",
                "partition_index": null,
                "type_interval_type": null
            },
            {
                "name": "cr_returning_customer_sk",
                "type_name": "INT",
                "type_text": "int",
                "type_json": "{\"name\":\"cr_returning_customer_sk\",\"type\":\"integer\",\"nullable\":true,\"metadata\":{}}",
                "type_precision": 0,
                "type_scale": 0,
                "nullable": true,
                "position": 7,
                "comment": "",
                "partition_index": null,
                "type_interval_type": null
            },
            {
                "name": "cr_returning_cdemo_sk",
                "type_name": "INT",
                "type_text": "int",
                "type_json": "{\"name\":\"cr_returning_cdemo_sk\",\"type\":\"integer\",\"nullable\":true,\"metadata\":{}}",
                "type_precision": 0,
                "type_scale": 0,
                "nullable": true,
                "position": 8,
                "comment": "",
                "partition_index": null,
                "type_interval_type": null
            },
            {
                "name": "cr_returning_hdemo_sk",
                "type_name": "INT",
                "type_text": "int",
                "type_json": "{\"name\":\"cr_returning_hdemo_sk\",\"type\":\"integer\",\"nullable\":true,\"metadata\":{}}",
                "type_precision": 0,
                "type_scale": 0,
                "nullable": true,
                "position": 9,
                "comment": "",
                "partition_index": null,
                "type_interval_type": null
            },
            {
                "name": "cr_returning_addr_sk",
                "type_name": "INT",
                "type_text": "int",
                "type_json": "{\"name\":\"cr_returning_addr_sk\",\"type\":\"integer\",\"nullable\":true,\"metadata\":{}}",
                "type_precision": 0,
                "type_scale": 0,
                "nullable": true,
                "position": 10,
                "comment": "",
                "partition_index": null,
                "type_interval_type": null
            },
            {
                "name": "cr_call_center_sk",
                "type_name": "INT",
                "type_text": "int",
                "type_json": "{\"name\":\"cr_call_center_sk\",\"type\":\"integer\",\"nullable\":true,\"metadata\":{}}",
                "type_precision": 0,
                "type_scale": 0,
                "nullable": true,
                "position": 11,
                "comment": "",
                "partition_index": null,
                "type_interval_type": null
            },
            {
                "name": "cr_catalog_page_sk",
                "type_name": "INT",
                "type_text": "int",
                "type_json": "{\"name\":\"cr_catalog_page_sk\",\"type\":\"integer\",\"nullable\":true,\"metadata\":{}}",
                "type_precision": 0,
                "type_scale": 0,
                "nullable": true,
                "position": 12,
                "comment": "",
                "partition_index": null,
                "type_interval_type": null
            },
            {
                "name": "cr_ship_mode_sk",
                "type_name": "INT",
                "type_text": "int",
                "type_json": "{\"name\":\"cr_ship_mode_sk\",\"type\":\"integer\",\"nullable\":true,\"metadata\":{}}",
                "type_precision": 0,
                "type_scale": 0,
                "nullable": true,
                "position": 13,
                "comment": "",
                "partition_index": null,
                "type_interval_type": null
            },
            {
                "name": "cr_warehouse_sk",
                "type_name": "INT",
                "type_text": "int",
                "type_json": "{\"name\":\"cr_warehouse_sk\",\"type\":\"integer\",\"nullable\":true,\"metadata\":{}}",
                "type_precision": 0,
                "type_scale": 0,
                "nullable": true,
                "position": 14,
                "comment": "",
                "partition_index": null,
                "type_interval_type": null
            },
            {
                "name": "cr_reason_sk",
                "type_name": "INT",
                "type_text": "int",
                "type_json": "{\"name\":\"cr_reason_sk\",\"type\":\"integer\",\"nullable\":true,\"metadata\":{}}",
                "type_precision": 0,
                "type_scale": 0,
                "nullable": true,
                "position": 15,
                "comment": "",
                "partition_index": null,
                "type_interval_type": null
            },
            {
                "name": "cr_order_number",
                "type_name": "LONG",
                "type_text": "bigint",
                "type_json": "{\"name\":\"cr_order_number\",\"type\":\"long\",\"nullable\":true,\"metadata\":{}}",
                "type_precision": 0,
                "type_scale": 0,
                "nullable": true,
                "position": 16,
                "comment": "",
                "partition_index": null,
                "type_interval_type": null
            },
            {
                "name": "cr_return_quantity",
                "type_name": "INT",
                "type_text": "int",
                "type_json": "{\"name\":\"cr_return_quantity\",\"type\":\"integer\",\"nullable\":true,\"metadata\":{}}",
                "type_precision": 0,
                "type_scale": 0,
                "nullable": true,
                "position": 17,
                "comment": "",
                "partition_index": null,
                "type_interval_type": null
            },
            {
                "name": "cr_return_amount",
                "type_name": "DECIMAL",
                "type_text": "decimal(7,2)",
                "type_json": "{\"name\":\"cr_return_amount\",\"type\":\"decimal(7,2)\",\"nullable\":true,\"metadata\":{}}",
                "type_precision": 0,
                "type_scale": 0,
                "nullable": true,
                "position": 18,
                "comment": "",
                "partition_index": null,
                "type_interval_type": null
            },
            {
                "name": "cr_return_tax",
                "type_name": "DECIMAL",
                "type_text": "decimal(7,2)",
                "type_json": "{\"name\":\"cr_return_tax\",\"type\":\"decimal(7,2)\",\"nullable\":true,\"metadata\":{}}",
                "type_precision": 0,
                "type_scale": 0,
                "nullable": true,
                "position": 19,
                "comment": "",
                "partition_index": null,
                "type_interval_type": null
            },
            {
                "name": "cr_return_amt_inc_tax",
                "type_name": "DECIMAL",
                "type_text": "decimal(7,2)",
                "type_json": "{\"name\":\"cr_return_amt_inc_tax\",\"type\":\"decimal(7,2)\",\"nullable\":true,\"metadata\":{}}",
                "type_precision": 0,
                "type_scale": 0,
                "nullable": true,
                "position": 20,
                "comment": "",
                "partition_index": null,
                "type_interval_type": null
            },
            {
                "name": "cr_fee",
                "type_name": "DECIMAL",
                "type_text": "decimal(7,2)",
                "type_json": "{\"name\":\"cr_fee\",\"type\":\"decimal(7,2)\",\"nullable\":true,\"metadata\":{}}",
                "type_precision": 0,
                "type_scale": 0,
                "nullable": true,
                "position": 21,
                "comment": "",
                "partition_index": null,
                "type_interval_type": null
            },
            {
                "name": "cr_return_ship_cost",
                "type_name": "DECIMAL",
                "type_text": "decimal(7,2)",
                "type_json": "{\"name\":\"cr_return_ship_cost\",\"type\":\"decimal(7,2)\",\"nullable\":true,\"metadata\":{}}",
                "type_precision": 0,
                "type_scale": 0,
                "nullable": true,
                "position": 22,
                "comment": "",
                "partition_index": null,
                "type_interval_type": null
            },
            {
                "name": "cr_refunded_cash",
                "type_name": "DECIMAL",
                "type_text": "decimal(7,2)",
                "type_json": "{\"name\":\"cr_refunded_cash\",\"type\":\"decimal(7,2)\",\"nullable\":true,\"metadata\":{}}",
                "type_precision": 0,
                "type_scale": 0,
                "nullable": true,
                "position": 23,
                "comment": "",
                "partition_index": null,
                "type_interval_type": null
            },
            {
                "name": "cr_reversed_charge",
                "type_name": "DECIMAL",
                "type_text": "decimal(7,2)",
                "type_json": "{\"name\":\"cr_reversed_charge\",\"type\":\"decimal(7,2)\",\"nullable\":true,\"metadata\":{}}",
                "type_precision": 0,
                "type_scale": 0,
                "nullable": true,
                "position": 24,
                "comment": "",
                "partition_index": null,
                "type_interval_type": null
            },
            {
                "name": "cr_store_credit",
                "type_name": "DECIMAL",
                "type_text": "decimal(7,2)",
                "type_json": "{\"name\":\"cr_store_credit\",\"type\":\"decimal(7,2)\",\"nullable\":true,\"metadata\":{}}",
                "type_precision": 0,
                "type_scale": 0,
                "nullable": true,
                "position": 25,
                "comment": "",
                "partition_index": null,
                "type_interval_type": null
            },
            {
                "name": "cr_net_loss",
                "type_name": "DECIMAL",
                "type_text": "decimal(7,2)",
                "type_json": "{\"name\":\"cr_net_loss\",\"type\":\"decimal(7,2)\",\"nullable\":true,\"metadata\":{}}",
                "type_precision": 0,
                "type_scale": 0,
                "nullable": true,
                "position": 26,
                "comment": "",
                "partition_index": null,
                "type_interval_type": null
            }
        ]
    },
    "describe_detail": {
        "location": "s3://system-tables-prod-us-east-2-uc-metastore-bucket/metastore/b622f329-0f39-444f-9dbb-5733ba3e2021/tables/6b83ba19-0664-4fd4-804c-45899fd55ff4",
        "provider": "DELTA",
        "table_id": "f25c664b-355d-4eb6-b2a7-5b3cd9b6fd23",
        "metastore_id": "851f9499-ddfc-40a9-9bac-1fe4f4ca22ed",
        "full_name": "samples.tpcds_sf1.catalog_returns",
        "detail_info": {}
    },
    "table_properties": {
        "spark.sql.statistics.colStats.cr_return_tax.maxLen": "8",
        "spark.sql.statistics.colStats.cr_ship_mode_sk.rowCount": "143672",
        "spark.sql.statistics.colStats.cr_item_sk.max": "18000",
        "spark.sql.statistics.colStats.cr_ship_mode_sk.distinctCount": "20",
        "delta.lastCommitTimestamp": "1746832414000",
        "spark.sql.statistics.colStats.cr_reversed_charge.rowCount": "143672",
        "spark.sql.statistics.colStats.cr_returned_time_sk.maxLen": "4",
        "spark.sql.statistics.colStats.cr_refunded_hdemo_sk.createdBy": "root",
        "spark.sql.statistics.colStats.cr_fee.rowCount": "143672",
        "spark.sql.statistics.colStats.cr_reason_sk.createdAt": "1746670076068",
        "spark.sql.statistics.colStats.cr_warehouse_sk.rowCount": "143672",
        "spark.sql.statistics.colStats.cr_refunded_cash.createdAt": "1746670076068",
        "spark.sql.statistics.colStats.cr_returning_customer_sk.max": "99999",
        "spark.sql.statistics.colStats.cr_warehouse_sk.nullCount": "2932",
        "spark.sql.statistics.colStats.cr_returned_date_sk.rowCount": "143672",
        "spark.sql.statistics.colStats.cr_order_number.avgLen": "8",
        "spark.sql.statistics.version": "2",
        "spark.sql.statistics.colStats.cr_returned_date_sk.avgLen": "4",
        "spark.sql.statistics.colStats.cr_order_number.version": "2",
        "spark.sql.statistics.colStats.cr_item_sk.version": "2",
        "spark.sql.statistics.colStats.cr_returning_cdemo_sk.maxLen": "4",
        "spark.sql.statistics.colStats.cr_returning_addr_sk.createdAt": "1746670076068",
        "spark.sql.statistics.colStats.cr_return_ship_cost.min": "0.00",
        "spark.sql.statistics.colStats.cr_store_credit.rowCount": "143672",
        "spark.sql.statistics.colStats.cr_order_number.min": "3",
        "spark.sql.statistics.colStats.cr_fee.createdBy": "root",
        "delta.lastUpdateVersion": "0",
        "spark.sql.statistics.colStats.cr_refunded_hdemo_sk.rowCount": "143672",
        "spark.sql.statistics.colStats.cr_returning_hdemo_sk.maxLen": "4",
        "spark.sql.statistics.colStats.cr_refunded_cash.avgLen": "8",
        "spark.sql.statistics.colStats.cr_reason_sk.version": "2",
        "spark.sql.statistics.colStats.cr_catalog_page_sk.nullCount": "2858",
        "spark.sql.statistics.colStats.cr_order_number.createdAt": "1746670076068",
        "delta.minWriterVersion": "2",
        "spark.sql.statistics.colStats.cr_return_tax.version": "2",
        "spark.sql.statistics.colStats.cr_fee.createdAt": "1746670076068",
        "spark.sql.statistics.colStats.cr_return_amount.maxLen": "8",
        "spark.sql.statistics.colStats.cr_return_quantity.createdBy": "root",
        "spark.sql.statistics.colStats.cr_refunded_cash.createdBy": "root",
        "spark.sql.statistics.colStats.cr_call_center_sk.maxLen": "4",
        "spark.sql.statistics.colStats.cr_return_tax.min": "0.00",
        "spark.sql.statistics.colStats.cr_return_quantity.rowCount": "143672",
        "spark.sql.statistics.colStats.cr_item_sk.min": "1",
        "spark.sql.statistics.auxiliaryInfo": "{\"source\":\"MANUAL_ANALYZE\",\"analyzeCommitVersion\":0}",
        "spark.sql.statistics.colStats.cr_net_loss.avgLen": "8",
        "spark.sql.statistics.colStats.cr_catalog_page_sk.rowCount": "143672",
        "spark.sql.statistics.colStats.cr_refunded_cash.distinctCount": "72764",
        "spark.sql.statistics.colStats.cr_refunded_hdemo_sk.avgLen": "4",
        "spark.sql.statistics.colStats.cr_warehouse_sk.createdBy": "root",
        "spark.sql.statistics.colStats.cr_catalog_page_sk.maxLen": "4",
        "spark.sql.statistics.colStats.cr_refunded_customer_sk.maxLen": "4",
        "spark.sql.statistics.colStats.cr_return_amount.min": "0.00",
        "spark.sql.statistics.colStats.cr_ship_mode_sk.min": "1",
        "spark.sql.statistics.colStats.cr_refunded_cash.version": "2",
        "spark.sql.statistics.colStats.cr_returned_date_sk.distinctCount": "1986",
        "spark.sql.statistics.colStats.cr_catalog_page_sk.max": "9828",
        "spark.sql.statistics.colStats.cr_store_credit.max": "14513.02",
        "spark.sql.statistics.colStats.cr_refunded_cdemo_sk.createdBy": "root",
        "spark.sql.statistics.colStats.cr_net_loss.version": "2",
        "spark.sql.statistics.numRows": "143672",
        "spark.sql.statistics.colStats.cr_return_amt_inc_tax.min": "0.00",
        "spark.sql.statistics.colStats.cr_net_loss.min": "0.58",
        "spark.sql.statistics.colStats.cr_returning_customer_sk.min": "2",
        "spark.sql.statistics.colStats.cr_return_amt_inc_tax.distinctCount": "98066",
        "spark.sql.statistics.colStats.cr_refunded_cash.maxLen": "8",
        "spark.sql.statistics.colStats.cr_item_sk.avgLen": "4",
        "spark.sql.statistics.colStats.cr_returning_addr_sk.nullCount": "2869",
        "spark.sql.statistics.colStats.cr_refunded_cdemo_sk.distinctCount": "85451",
        "spark.sql.statistics.colStats.cr_call_center_sk.version": "2",
        "spark.sql.statistics.colStats.cr_return_amount.max": "26353.40",
        "spark.sql.statistics.historyStats.1.version": "2",
        "spark.sql.statistics.colStats.cr_return_tax.nullCount": "2872",
        "spark.sql.statistics.colStats.cr_store_credit.nullCount": "2908",
        "spark.sql.statistics.colStats.cr_reason_sk.distinctCount": "35",
        "spark.sql.statistics.colStats.cr_ship_mode_sk.createdBy": "root",
        "spark.sql.statistics.colStats.cr_refunded_cdemo_sk.version": "2",
        "spark.sql.statistics.colStats.cr_returning_hdemo_sk.createdBy": "root",
        "spark.sql.statistics.colStats.cr_refunded_addr_sk.createdBy": "root",
        "spark.sql.statistics.colStats.cr_store_credit.distinctCount": "55535",
        "spark.sql.statistics.colStats.cr_fee.min": "0.50",
        "spark.sql.statistics.colStats.cr_returning_addr_sk.max": "50000",
        "spark.sql.statistics.colStats.cr_call_center_sk.createdBy": "root",
        "spark.sql.statistics.colStats.cr_store_credit.min": "0.00",
        "spark.sql.statistics.colStats.cr_order_number.max": "160000",
        "spark.sql.statistics.colStats.cr_return_ship_cost.maxLen": "8",
        "spark.sql.statistics.historyStats.1.totalSize": "26154784",
        "spark.sql.statistics.colStats.cr_returning_addr_sk.createdBy": "root",
        "spark.sql.statistics.colStats.cr_returned_time_sk.avgLen": "4",
        "spark.sql.statistics.colStats.cr_return_quantity.min": "1",
        "spark.sql.statistics.colStats.cr_warehouse_sk.min": "1",
        "spark.sql.statistics.colStats.cr_store_credit.version": "2",
        "spark.sql.statistics.colStats.cr_returned_date_sk.min": "2450829",
        "spark.sql.statistics.colStats.cr_call_center_sk.rowCount": "143672",
        "spark.sql.statistics.colStats.cr_return_quantity.version": "2",
        "spark.sql.statistics.colStats.cr_returned_time_sk.max": "86394",
        "spark.sql.statistics.colStats.cr_refunded_hdemo_sk.version": "2",
        "spark.sql.statistics.colStats.cr_reversed_charge.distinctCount": "57061",
        "spark.sql.statistics.colStats.cr_returned_date_sk.maxLen": "4",
        "spark.sql.statistics.colStats.cr_catalog_page_sk.createdBy": "root",
        "delta.minReaderVersion": "1",
        "view.query.out.numCols": "27",
        "spark.sql.statistics.colStats.cr_return_quantity.createdAt": "1746670076068",
        "spark.sql.statistics.colStats.cr_refunded_cash.max": "22183.76",
        "spark.sql.statistics.colStats.cr_returned_time_sk.distinctCount": "65925",
        "spark.sql.statistics.colStats.cr_return_ship_cost.rowCount": "143672",
        "spark.sql.statistics.colStats.cr_fee.maxLen": "8",
        "spark.sql.statistics.colStats.cr_fee.avgLen": "8",
        "spark.sql.statistics.colStats.cr_returning_addr_sk.version": "2",
        "spark.sql.statistics.colStats.cr_returned_time_sk.nullCount": "0",
        "spark.sql.statistics.colStats.cr_order_number.distinctCount": "89885",
        "spark.sql.statistics.colStats.cr_returning_hdemo_sk.max": "7200",
        "spark.sql.statistics.colStats.cr_net_loss.distinctCount": "85200",
        "spark.sql.statistics.colStats.cr_refunded_addr_sk.avgLen": "4",
        "spark.sql.statistics.colStats.cr_return_quantity.max": "100",
        "spark.sql.statistics.colStats.cr_returning_cdemo_sk.min": "29",
        "spark.sql.statistics.colStats.cr_reversed_charge.min": "0.00",
        "spark.sql.statistics.colStats.cr_returned_date_sk.createdBy": "root",
        "spark.sql.statistics.colStats.cr_returning_hdemo_sk.createdAt": "1746670076068",
        "spark.sql.statistics.colStats.cr_return_ship_cost.distinctCount": "61186",
        "spark.sql.statistics.colStats.cr_refunded_cdemo_sk.min": "42",
        "spark.sql.statistics.colStats.cr_order_number.maxLen": "8",
        "spark.sql.statistics.colStats.cr_call_center_sk.min": "1",
        "spark.sql.statistics.colStats.cr_call_center_sk.distinctCount": "6",
        "spark.sql.statistics.colStats.cr_refunded_hdemo_sk.createdAt": "1746670076068",
        "spark.sql.statistics.colStats.cr_returning_addr_sk.distinctCount": "43261",
        "spark.sql.statistics.colStats.cr_refunded_addr_sk.nullCount": "2881",
        "spark.sql.statistics.colStats.cr_refunded_customer_sk.min": "2",
        "spark.sql.statistics.colStats.cr_ship_mode_sk.createdAt": "1746670076068",
        "spark.sql.statistics.colStats.cr_reason_sk.createdBy": "root",
        "spark.sql.statistics.colStats.cr_refunded_addr_sk.version": "2",
        "spark.sql.statistics.colStats.cr_returning_customer_sk.nullCount": "2840",
        "spark.sql.statistics.colStats.cr_ship_mode_sk.max": "20",
        "spark.sql.statistics.totalSize": "26154784",
        "spark.sql.statistics.colStats.cr_ship_mode_sk.version": "2",
        "spark.sql.statistics.colStats.cr_returning_cdemo_sk.createdAt": "1746670076068",
        "spark.sql.statistics.colStats.cr_refunded_addr_sk.max": "50000",
        "spark.sql.statistics.colStats.cr_returning_customer_sk.avgLen": "4",
        "spark.sql.statistics.colStats.cr_returning_addr_sk.avgLen": "4",
        "spark.sql.statistics.colStats.cr_return_amt_inc_tax.avgLen": "8",
        "spark.sql.statistics.createdAt": "1746670076068",
        "spark.sql.statistics.colStats.cr_returned_time_sk.createdAt": "1746670076068",
        "spark.sql.statistics.colStats.cr_refunded_addr_sk.createdAt": "1746670076068",
        "spark.sql.statistics.colStats.cr_refunded_cdemo_sk.createdAt": "1746670076068",
        "spark.sql.statistics.colStats.cr_reversed_charge.createdAt": "1746670076068",
        "spark.sql.statistics.colStats.cr_return_tax.createdBy": "root",
        "spark.sql.statistics.colStats.cr_fee.version": "2",
        "spark.sql.statistics.colStats.cr_reason_sk.rowCount": "143672",
        "spark.sql.statistics.colStats.cr_order_number.rowCount": "143672",
        "spark.sql.statistics.colStats.cr_reversed_charge.nullCount": "2862",
        "spark.sql.statistics.historyStats.1.numRows": "143672",
        "spark.sql.statistics.colStats.cr_returning_customer_sk.rowCount": "143672",
        "spark.sql.statistics.colStats.cr_return_ship_cost.avgLen": "8",
        "spark.sql.statistics.colStats.cr_refunded_hdemo_sk.maxLen": "4",
        "spark.sql.statistics.colStats.cr_returned_time_sk.createdBy": "root",
        "spark.sql.statistics.colStats.cr_returning_hdemo_sk.nullCount": "2870",
        "spark.sql.statistics.colStats.cr_store_credit.maxLen": "8",
        "spark.sql.statistics.colStats.cr_reversed_charge.max": "18523.80",
        "spark.sql.statistics.colStats.cr_returned_date_sk.max": "2452906",
        "spark.sql.statistics.colStats.cr_ship_mode_sk.nullCount": "2784",
        "spark.sql.statistics.colStats.cr_return_ship_cost.nullCount": "2850",
        "spark.sql.statistics.colStats.cr_refunded_addr_sk.maxLen": "4",
        "spark.sql.statistics.colStats.cr_fee.nullCount": "2833",
        "spark.sql.statistics.colStats.cr_ship_mode_sk.maxLen": "4",
        "spark.sql.statistics.colStats.cr_reason_sk.avgLen": "4",
        "spark.sql.statistics.colStats.cr_refunded_hdemo_sk.max": "7200",
        "spark.sql.statistics.colStats.cr_refunded_customer_sk.rowCount": "143672",
        "spark.sql.statistics.colStats.cr_refunded_addr_sk.rowCount": "143672",
        "spark.sql.statistics.colStats.cr_return_quantity.nullCount": "2847",
        "spark.sql.statistics.colStats.cr_catalog_page_sk.distinctCount": "6422",
        "spark.sql.statistics.colStats.cr_refunded_hdemo_sk.nullCount": "2866",
        "spark.sql.statistics.colStats.cr_returning_addr_sk.min": "1",
        "spark.sql.statistics.colStats.cr_returning_cdemo_sk.createdBy": "root",
        "spark.sql.statistics.colStats.cr_refunded_hdemo_sk.distinctCount": "7083",
        "spark.sql.statistics.colStats.cr_return_tax.distinctCount": "23457",
        "spark.sql.statistics.colStats.cr_item_sk.createdBy": "root",
        "spark.sql.statistics.colStats.cr_catalog_page_sk.avgLen": "4",
        "spark.sql.statistics.colStats.cr_net_loss.rowCount": "143672",
        "spark.sql.statistics.colStats.cr_returned_date_sk.version": "2",
        "spark.sql.statistics.colStats.cr_returning_cdemo_sk.max": "1920789",
        "spark.sql.statistics.colStats.cr_item_sk.distinctCount": "16906",
        "spark.sql.statistics.colStats.cr_reason_sk.nullCount": "2853",
        "spark.sql.statistics.colStats.cr_refunded_cdemo_sk.rowCount": "143672",
        "spark.sql.statistics.colStats.cr_returning_customer_sk.distinctCount": "69114",
        "spark.sql.statistics.colStats.cr_return_amt_inc_tax.nullCount": "2893",
        "spark.sql.statistics.colStats.cr_refunded_addr_sk.min": "1",
        "spark.sql.statistics.colStats.cr_item_sk.createdAt": "1746670076068",
        "spark.sql.statistics.colStats.cr_call_center_sk.avgLen": "4",
        "spark.sql.statistics.colStats.cr_returning_hdemo_sk.rowCount": "143672",
        "spark.sql.statistics.colStats.cr_returning_hdemo_sk.min": "1",
        "spark.sql.statistics.colStats.cr_return_tax.createdAt": "1746670076068",
        "spark.sql.statistics.colStats.cr_refunded_customer_sk.version": "2",
        "spark.sql.statistics.colStats.cr_refunded_cdemo_sk.maxLen": "4",
        "spark.sql.statistics.colStats.cr_reason_sk.maxLen": "4",
        "spark.sql.statistics.colStats.cr_return_quantity.avgLen": "4",
        "spark.sql.statistics.colStats.cr_call_center_sk.nullCount": "2926",
        "spark.sql.statistics.colStats.cr_catalog_page_sk.min": "1",
        "spark.sql.statistics.colStats.cr_returned_time_sk.min": "1",
        "spark.sql.statistics.colStats.cr_return_amt_inc_tax.max": "26880.46",
        "spark.sql.statistics.colStats.cr_catalog_page_sk.version": "2",
        "spark.sql.statistics.colStats.cr_returning_customer_sk.createdAt": "1746670076068",
        "spark.sql.statistics.colStats.cr_return_amount.avgLen": "8",
        "spark.sql.statistics.colStats.cr_call_center_sk.createdAt": "1746670076068",
        "spark.sql.statistics.colStats.cr_return_tax.avgLen": "8",
        "spark.sql.statistics.colStats.cr_net_loss.nullCount": "2822",
        "spark.sql.statistics.colStats.cr_return_quantity.maxLen": "4",
        "spark.sql.statistics.colStats.cr_returned_time_sk.version": "2",
        "spark.sql.statistics.colStats.cr_returning_customer_sk.createdBy": "root",
        "spark.sql.statistics.colStats.cr_refunded_cash.rowCount": "143672",
        "spark.sql.statistics.colStats.cr_net_loss.maxLen": "8",
        "spark.sql.statistics.colStats.cr_refunded_cash.min": "0.00",
        "spark.sql.statistics.colStats.cr_warehouse_sk.avgLen": "4",
        "spark.sql.statistics.colStats.cr_net_loss.max": "15117.63",
        "spark.sql.statistics.colStats.cr_returning_cdemo_sk.distinctCount": "137661",
        "spark.sql.statistics.colStats.cr_returned_date_sk.nullCount": "0",
        "spark.sql.statistics.colStats.cr_fee.distinctCount": "9571",
        "spark.sql.statistics.colStats.cr_returning_cdemo_sk.nullCount": "2886",
        "spark.sql.statistics.colStats.cr_store_credit.createdAt": "1746670076068",
        "spark.sql.statistics.colStats.cr_reversed_charge.maxLen": "8",
        "spark.sql.statistics.colStats.cr_refunded_cdemo_sk.max": "1920799",
        "spark.sql.statistics.colStats.cr_return_amt_inc_tax.rowCount": "143672",
        "spark.sql.statistics.colStats.cr_item_sk.maxLen": "4",
        "spark.sql.statistics.colStats.cr_item_sk.nullCount": "0",
        "spark.sql.statistics.colStats.cr_return_amount.version": "2",
        "spark.sql.statistics.colStats.cr_refunded_cdemo_sk.nullCount": "2912",
        "spark.sql.statistics.colStats.cr_return_ship_cost.max": "14159.97",
        "spark.sql.statistics.colStats.cr_return_quantity.distinctCount": "99",
        "spark.sql.statistics.colStats.cr_return_amount.createdAt": "1746670076068",
        "spark.sql.statistics.colStats.cr_warehouse_sk.createdAt": "1746670076068",
        "spark.sql.statistics.colStats.cr_refunded_customer_sk.createdBy": "root",
        "spark.sql.statistics.colStats.cr_refunded_cash.nullCount": "2891",
        "spark.sql.statistics.colStats.cr_returning_hdemo_sk.distinctCount": "7083",
        "spark.sql.statistics.colStats.cr_returning_addr_sk.maxLen": "4",
        "spark.sql.statistics.colStats.cr_store_credit.avgLen": "8",
        "spark.sql.statistics.colStats.cr_returning_customer_sk.version": "2",
        "spark.sql.statistics.colStats.cr_return_amt_inc_tax.maxLen": "8",
        "spark.sql.statistics.colStats.cr_return_amount.createdBy": "root",
        "spark.sql.statistics.colStats.cr_returned_time_sk.rowCount": "143672",
        "spark.sql.statistics.colStats.cr_net_loss.createdBy": "root",
        "spark.sql.statistics.colStats.cr_reversed_charge.avgLen": "8",
        "spark.sql.statistics.colStats.cr_return_amt_inc_tax.createdAt": "1746670076068",
        "spark.sql.statistics.colStats.cr_return_amount.distinctCount": "81032",
        "spark.sql.statistics.colStats.cr_call_center_sk.max": "6",
        "spark.sql.statistics.colStats.cr_returned_date_sk.createdAt": "1746670076068",
        "spark.sql.statistics.colStats.cr_refunded_hdemo_sk.min": "1",
        "spark.sql.statistics.colStats.cr_reason_sk.min": "1",
        "spark.sql.statistics.colStats.cr_returning_cdemo_sk.rowCount": "143672",
        "spark.sql.statistics.colStats.cr_return_tax.rowCount": "143672",
        "spark.sql.statistics.colStats.cr_return_ship_cost.version": "2",
        "spark.sql.statistics.colStats.cr_reason_sk.max": "35",
        "spark.sql.statistics.colStats.cr_return_amount.rowCount": "143672",
        "spark.sql.statistics.colStats.cr_fee.max": "100.00",
        "spark.sql.statistics.colStats.cr_reversed_charge.createdBy": "root",
        "spark.sql.statistics.colStats.cr_item_sk.rowCount": "143672",
        "spark.sql.statistics.colStats.cr_returning_cdemo_sk.version": "2",
        "spark.sql.statistics.colStats.cr_refunded_customer_sk.avgLen": "4",
        "spark.sql.statistics.colStats.cr_order_number.nullCount": "0",
        "spark.sql.statistics.colStats.cr_returning_customer_sk.maxLen": "4",
        "spark.sql.statistics.colStats.cr_warehouse_sk.maxLen": "4",
        "spark.sql.statistics.colStats.cr_return_ship_cost.createdBy": "root",
        "spark.sql.statistics.colStats.cr_returning_cdemo_sk.avgLen": "4",
        "spark.sql.statistics.colStats.cr_returning_addr_sk.rowCount": "143672",
        "spark.sql.statistics.colStats.cr_returning_hdemo_sk.avgLen": "4",
        "spark.sql.statistics.colStats.cr_return_ship_cost.createdAt": "1746670076068",
        "spark.sql.statistics.colStats.cr_ship_mode_sk.avgLen": "4",
        "spark.sql.statistics.historyStats.1.createdAt": "1746670075002",
        "spark.sql.statistics.colStats.cr_refunded_customer_sk.nullCount": "2824",
        "spark.sql.statistics.historyStats.1.createdBy": "root",
        "spark.sql.statistics.colStats.cr_reversed_charge.version": "2",
        "spark.sql.statistics.colStats.cr_refunded_cdemo_sk.avgLen": "4",
        "spark.sql.statistics.colStats.cr_warehouse_sk.distinctCount": "5",
        "spark.sql.statistics.colStats.cr_return_amt_inc_tax.createdBy": "root",
        "spark.sql.statistics.createdBy": "root",
        "spark.sql.statistics.colStats.cr_store_credit.createdBy": "root",
        "spark.sql.statistics.colStats.cr_order_number.createdBy": "root",
        "spark.sql.statistics.colStats.cr_warehouse_sk.max": "5",
        "spark.sql.statistics.colStats.cr_refunded_customer_sk.max": "100000",
        "spark.sql.statistics.colStats.cr_catalog_page_sk.createdAt": "1746670076068",
        "spark.sql.statistics.colStats.cr_refunded_customer_sk.createdAt": "1746670076068",
        "spark.sql.statistics.colStats.cr_return_tax.max": "2016.70",
        "spark.sql.statistics.colStats.cr_net_loss.createdAt": "1746670076068",
        "spark.sql.statistics.colStats.cr_warehouse_sk.version": "2",
        "spark.sql.statistics.colStats.cr_return_amt_inc_tax.version": "2",
        "spark.sql.statistics.colStats.cr_refunded_addr_sk.distinctCount": "38986",
        "spark.sql.statistics.colStats.cr_returning_hdemo_sk.version": "2",
        "spark.sql.statistics.colStats.cr_return_amount.nullCount": "2909",
        "spark.sql.statistics.colStats.cr_refunded_customer_sk.distinctCount": "55437"
    },
    "extended_info": {
        "sql_path": "",
        "browse_only": false,
        "enable_predictive_optimization": false,
        "pipeline_id": "",
        "effective_predictive_optimization_flag": {}
    }
}