{
    "describe_table": {
        "table_name": "catalog_page",
        "catalog": "samples",
        "schema": "tpcds_sf1",
        "table_type": "MANAGED",
        "comment": "",
        "created_at": 1755342300322,
        "updated_at": 1755369156263,
        "owner": "System user",
        "columns": [
            {
                "name": "cp_catalog_page_sk",
                "type_name": "INT",
                "type_text": "int",
                "type_json": "{\"name\":\"cp_catalog_page_sk\",\"type\":\"integer\",\"nullable\":true,\"metadata\":{}}",
                "type_precision": 0,
                "type_scale": 0,
                "nullable": true,
                "position": 0,
                "comment": "",
                "partition_index": null,
                "type_interval_type": null
            },
            {
                "name": "cp_catalog_page_id",
                "type_name": "STRING",
                "type_text": "string",
                "type_json": "{\"name\":\"cp_catalog_page_id\",\"type\":\"string\",\"nullable\":true,\"metadata\":{}}",
                "type_precision": 0,
                "type_scale": 0,
                "nullable": true,
                "position": 1,
                "comment": "",
                "partition_index": null,
                "type_interval_type": null
            },
            {
                "name": "cp_start_date_sk",
                "type_name": "INT",
                "type_text": "int",
                "type_json": "{\"name\":\"cp_start_date_sk\",\"type\":\"integer\",\"nullable\":true,\"metadata\":{}}",
                "type_precision": 0,
                "type_scale": 0,
                "nullable": true,
                "position": 2,
                "comment": "",
                "partition_index": null,
                "type_interval_type": null
            },
            {
                "name": "cp_end_date_sk",
                "type_name": "INT",
                "type_text": "int",
                "type_json": "{\"name\":\"cp_end_date_sk\",\"type\":\"integer\",\"nullable\":true,\"metadata\":{}}",
                "type_precision": 0,
                "type_scale": 0,
                "nullable": true,
                "position": 3,
                "comment": "",
                "partition_index": null,
                "type_interval_type": null
            },
            {
                "name": "cp_department",
                "type_name": "STRING",
                "type_text": "string",
                "type_json": "{\"name\":\"cp_department\",\"type\":\"string\",\"nullable\":true,\"metadata\":{}}",
                "type_precision": 0,
                "type_scale": 0,
                "nullable": true,
                "position": 4,
                "comment": "",
                "partition_index": null,
                "type_interval_type": null
            },
            {
                "name": "cp_catalog_number",
                "type_name": "INT",
                "type_text": "int",
                "type_json": "{\"name\":\"cp_catalog_number\",\"type\":\"integer\",\"nullable\":true,\"metadata\":{}}",
                "type_precision": 0,
                "type_scale": 0,
                "nullable": true,
                "position": 5,
                "comment": "",
                "partition_index": null,
                "type_interval_type": null
            },
            {
                "name": "cp_catalog_page_number",
                "type_name": "INT",
                "type_text": "int",
                "type_json": "{\"name\":\"cp_catalog_page_number\",\"type\":\"integer\",\"nullable\":true,\"metadata\":{}}",
                "type_precision": 0,
                "type_scale": 0,
                "nullable": true,
                "position": 6,
                "comment": "",
                "partition_index": null,
                "type_interval_type": null
            },
            {
                "name": "cp_description",
                "type_name": "STRING",
                "type_text": "string",
                "type_json": "{\"name\":\"cp_description\",\"type\":\"string\",\"nullable\":true,\"metadata\":{}}",
                "type_precision": 0,
                "type_scale": 0,
                "nullable": true,
                "position": 7,
                "comment": "",
                "partition_index": null,
                "type_interval_type": null
            },
            {
                "name": "cp_type",
                "type_name": "STRING",
                "type_text": "string",
                "type_json": "{\"name\":\"cp_type\",\"type\":\"string\",\"nullable\":true,\"metadata\":{}}",
                "type_precision": 0,
                "type_scale": 0,
                "nullable": true,
                "position": 8,
                "comment": "",
                "partition_index": null,
                "type_interval_type": null
            }
        ]
    },
    "describe_detail": {
        "location": "s3://system-tables-prod-us-east-2-uc-metastore-bucket/metastore/b622f329-0f39-444f-9dbb-5733ba3e2021/tables/5109c8f9-7940-417b-a210-04487e67ab26",
        "provider": "DELTA",
        "table_id": "1c9e8b08-4292-4e64-8e58-0fbe5a2ef2c8",
        "metastore_id": "851f9499-ddfc-40a9-9bac-1fe4f4ca22ed",
        "full_name": "samples.tpcds_sf1.catalog_page",
        "detail_info": {}
    },
    "table_properties": {
        "spark.sql.statistics.colStats.cp_catalog_page_id.maxLen": "16",
        "spark.sql.statistics.colStats.cp_type.maxLen": "9",
        "delta.lastCommitTimestamp": "1746832339000",
        "spark.sql.statistics.colStats.cp_type.avgLen": "8",
        "spark.sql.statistics.colStats.cp_start_date_sk.nullCount": "109",
        "spark.sql.statistics.colStats.cp_catalog_page_sk.min": "1",
        "spark.sql.statistics.colStats.cp_catalog_page_id.createdAt": "1746670064904",
        "spark.sql.statistics.version": "2",
        "spark.sql.statistics.colStats.cp_catalog_page_sk.max": "11718",
        "spark.sql.statistics.colStats.cp_department.version": "2",
        "spark.sql.statistics.colStats.cp_catalog_number.createdAt": "1746670064904",
        "delta.lastUpdateVersion": "0",
        "delta.minWriterVersion": "2",
        "spark.sql.statistics.colStats.cp_end_date_sk.nullCount": "102",
        "spark.sql.statistics.colStats.cp_catalog_number.rowCount": "11718",
        "spark.sql.statistics.colStats.cp_catalog_page_number.avgLen": "4",
        "spark.sql.statistics.auxiliaryInfo": "{\"source\":\"MANUAL_ANALYZE\",\"analyzeCommitVersion\":0}",
        "spark.sql.statistics.colStats.cp_start_date_sk.createdAt": "1746670064904",
        "spark.sql.statistics.colStats.cp_end_date_sk.avgLen": "4",
        "spark.sql.statistics.colStats.cp_catalog_number.createdBy": "root",
        "spark.sql.statistics.colStats.cp_catalog_page_sk.createdBy": "root",
        "spark.sql.statistics.colStats.cp_description.avgLen": "75",
        "spark.sql.statistics.colStats.cp_catalog_page_sk.nullCount": "0",
        "spark.sql.statistics.colStats.cp_end_date_sk.createdAt": "1746670064904",
        "spark.sql.statistics.numRows": "11718",
        "spark.sql.statistics.colStats.cp_end_date_sk.distinctCount": "101",
        "spark.sql.statistics.colStats.cp_catalog_page_number.createdBy": "root",
        "spark.sql.statistics.colStats.cp_type.version": "2",
        "spark.sql.statistics.colStats.cp_department.createdAt": "1746670064904",
        "spark.sql.statistics.colStats.cp_catalog_page_id.avgLen": "16",
        "spark.sql.statistics.colStats.cp_end_date_sk.createdBy": "root",
        "spark.sql.statistics.colStats.cp_catalog_page_id.nullCount": "0",
        "spark.sql.statistics.colStats.cp_catalog_page_number.distinctCount": "109",
        "spark.sql.statistics.historyStats.1.version": "2",
        "spark.sql.statistics.colStats.cp_department.rowCount": "11718",
        "spark.sql.statistics.colStats.cp_end_date_sk.version": "2",
        "spark.sql.statistics.colStats.cp_catalog_number.nullCount": "98",
        "spark.sql.statistics.colStats.cp_catalog_page_number.max": "108",
        "spark.sql.statistics.historyStats.1.totalSize": "374520",
        "spark.sql.statistics.colStats.cp_catalog_number.distinctCount": "110",
        "spark.sql.statistics.colStats.cp_catalog_page_number.nullCount": "114",
        "spark.sql.statistics.colStats.cp_description.rowCount": "11718",
        "spark.sql.statistics.colStats.cp_start_date_sk.min": "2450815",
        "spark.sql.statistics.colStats.cp_end_date_sk.min": "2450844",
        "spark.sql.statistics.colStats.cp_start_date_sk.maxLen": "4",
        "spark.sql.statistics.colStats.cp_start_date_sk.version": "2",
        "delta.minReaderVersion": "1",
        "view.query.out.numCols": "9",
        "spark.sql.statistics.colStats.cp_catalog_page_number.createdAt": "1746670064904",
        "spark.sql.statistics.colStats.cp_department.nullCount": "104",
        "spark.sql.statistics.colStats.cp_catalog_page_sk.rowCount": "11718",
        "spark.sql.statistics.colStats.cp_end_date_sk.rowCount": "11718",
        "spark.sql.statistics.colStats.cp_catalog_page_sk.version": "2",
        "spark.sql.statistics.colStats.cp_description.createdAt": "1746670064904",
        "spark.sql.statistics.colStats.cp_department.maxLen": "10",
        "spark.sql.statistics.totalSize": "374520",
        "spark.sql.statistics.colStats.cp_description.version": "2",
        "spark.sql.statistics.colStats.cp_catalog_number.max": "109",
        "spark.sql.statistics.colStats.cp_start_date_sk.max": "2453005",
        "spark.sql.statistics.createdAt": "1746670064904",
        "spark.sql.statistics.colStats.cp_catalog_page_sk.distinctCount": "11584",
        "spark.sql.statistics.historyStats.1.numRows": "11718",
        "spark.sql.statistics.colStats.cp_catalog_page_id.rowCount": "11718",
        "spark.sql.statistics.colStats.cp_type.createdBy": "root",
        "spark.sql.statistics.colStats.cp_catalog_page_id.distinctCount": "11601",
        "spark.sql.statistics.colStats.cp_catalog_page_number.min": "1",
        "spark.sql.statistics.colStats.cp_description.distinctCount": "11616",
        "spark.sql.statistics.colStats.cp_type.rowCount": "11718",
        "spark.sql.statistics.colStats.cp_type.createdAt": "1746670064904",
        "spark.sql.statistics.colStats.cp_catalog_page_sk.createdAt": "1746670064904",
        "spark.sql.statistics.colStats.cp_description.nullCount": "102",
        "spark.sql.statistics.colStats.cp_department.avgLen": "10",
        "spark.sql.statistics.colStats.cp_catalog_page_sk.maxLen": "4",
        "spark.sql.statistics.colStats.cp_end_date_sk.maxLen": "4",
        "spark.sql.statistics.colStats.cp_department.createdBy": "root",
        "spark.sql.statistics.colStats.cp_start_date_sk.createdBy": "root",
        "spark.sql.statistics.colStats.cp_catalog_page_sk.avgLen": "4",
        "spark.sql.statistics.colStats.cp_department.distinctCount": "1",
        "spark.sql.statistics.colStats.cp_catalog_number.maxLen": "4",
        "spark.sql.statistics.colStats.cp_catalog_number.min": "1",
        "spark.sql.statistics.colStats.cp_description.createdBy": "root",
        "spark.sql.statistics.colStats.cp_catalog_page_number.rowCount": "11718",
        "spark.sql.statistics.colStats.cp_start_date_sk.rowCount": "11718",
        "spark.sql.statistics.colStats.cp_catalog_number.version": "2",
        "spark.sql.statistics.colStats.cp_type.nullCount": "93",
        "spark.sql.statistics.colStats.cp_type.distinctCount": "3",
        "spark.sql.statistics.historyStats.1.createdAt": "1746670063830",
        "spark.sql.statistics.historyStats.1.createdBy": "root",
        "spark.sql.statistics.colStats.cp_start_date_sk.avgLen": "4",
        "spark.sql.statistics.createdBy": "root",
        "spark.sql.statistics.colStats.cp_description.maxLen": "99",
        "spark.sql.statistics.colStats.cp_end_date_sk.max": "2453186",
        "spark.sql.statistics.colStats.cp_catalog_page_number.maxLen": "4",
        "spark.sql.statistics.colStats.cp_start_date_sk.distinctCount": "88",
        "spark.sql.statistics.colStats.cp_catalog_page_id.createdBy": "root",
        "spark.sql.statistics.colStats.cp_catalog_number.avgLen": "4",
        "spark.sql.statistics.colStats.cp_catalog_page_number.version": "2",
        "spark.sql.statistics.colStats.cp_catalog_page_id.version": "2"
    },
    "extended_info": {
        "sql_path": "",
        "browse_only": false,
        "enable_predictive_optimization": false,
        "pipeline_id": "",
        "effective_predictive_optimization_flag": {}
    }
}