{
    "describe_table": {
        "table_name": "call_center",
        "catalog": "samples",
        "schema": "tpcds_sf1",
        "table_type": "MANAGED",
        "comment": "",
        "created_at": 1755342300316,
        "updated_at": 1755342300316,
        "owner": "System user",
        "columns": []
    },
    "describe_detail": {
        "location": "s3://system-tables-prod-us-east-2-uc-metastore-bucket/metastore/b622f329-0f39-444f-9dbb-5733ba3e2021/tables/698ac560-f998-41e6-b1bb-5fad74a041bb",
        "provider": "DELTA",
        "table_id": "4ec36169-9e4b-49ff-be3a-800ceaa22129",
        "metastore_id": "851f9499-ddfc-40a9-9bac-1fe4f4ca22ed",
        "full_name": "samples.tpcds_sf1.call_center",
        "detail_info": {}
    },
    "table_properties": {},
    "extended_info": {
        "sql_path": "",
        "browse_only": false,
        "enable_predictive_optimization": false,
        "pipeline_id": "",
        "effective_predictive_optimization_flag": {}
    }
}