{
    "describe_table": {
        "table_name": "forecast_daynight_imperial",
        "catalog": "samples",
        "schema": "accuweather",
        "table_type": "MANAGED",
        "comment": "View [listing on Databricks Marketplace.](/marketplace/consumer/listings/235b45d2-d625-4c1c-90a2-68e4568dda40) \nThese datasets are a sample collection of AccuWeather's enriched and comprehensive daily, 12-hour day-night, and hourly historical weather parameters. The sample contains one month of data for the top 50 global cities. Please note that this sample dataset represents a reduced portion of the available data attributes, volume, and data types available within AccuWeather's Data Suite and is intended for exploratory purposes rather than for production.\n\nSome examples these datasets can be explored include:\n- Compare weather conditions across the top 50 global cities to identify regional patterns in temperature, precipitation, and other weather parameters.\n- Create visualizations like time series plots, heatmaps, or box plots to better understand the distribution and weather variability.\n- Explore correlations between different weather parameters within and across cities to understand how they are related.\n- Investigate temporal trends by analyzing how weather fluctuates over time.\n- Identify outliers in the data that could indicate extreme weather occurrences.\n\nWith more access to AccuWeather's Data Suite available on the Databricks Marketplace, users can leverage weather information in a number of ways which include some of the following:\n\n- **Economic Risk & Impact Analysis**: Utilize historical weather data to determine relationships on business metrics that are trained to predict potential impacts, such as supply chain disruptions, labor productivity, and transportation delays.\n- **Energy Demand Planning & Forecasting**: Inform energy supply and production forecasts for wind, solar, and hydro installations by integrating historical weather information helping to optimize resource allocation and reduce operational risks.\n- **Revenue Projections & Consumer Behavior Analysis**: Join historical weather data with past business data to create more accurate sales growth predictions, accounting for weather-driven demand.\n- **Weather-Targeted Advertising**: Craft advertising campaigns by using historical and forecast weather data to reach consumers at the most critical times, maximizing interest and increasing conversion.\n",
        "created_at": 1755342300083,
        "updated_at": 1755451290329,
        "owner": "System user",
        "columns": [
            {
                "name": "city_name",
                "type_name": "STRING",
                "type_text": "string",
                "type_json": "{\"name\":\"city_name\",\"type\":\"string\",\"nullable\":true,\"metadata\":{}}",
                "type_precision": 0,
                "type_scale": 0,
                "nullable": true,
                "position": 0,
                "comment": "",
                "partition_index": null,
                "type_interval_type": null
            },
            {
                "name": "country_code",
                "type_name": "STRING",
                "type_text": "string",
                "type_json": "{\"name\":\"country_code\",\"type\":\"string\",\"nullable\":true,\"metadata\":{}}",
                "type_precision": 0,
                "type_scale": 0,
                "nullable": true,
                "position": 1,
                "comment": "",
                "partition_index": null,
                "type_interval_type": null
            },
            {
                "name": "latitude",
                "type_name": "DOUBLE",
                "type_text": "double",
                "type_json": "{\"name\":\"latitude\",\"type\":\"double\",\"nullable\":true,\"metadata\":{}}",
                "type_precision": 0,
                "type_scale": 0,
                "nullable": true,
                "position": 2,
                "comment": "",
                "partition_index": null,
                "type_interval_type": null
            },
            {
                "name": "longitude",
                "type_name": "DOUBLE",
                "type_text": "double",
                "type_json": "{\"name\":\"longitude\",\"type\":\"double\",\"nullable\":true,\"metadata\":{}}",
                "type_precision": 0,
                "type_scale": 0,
                "nullable": true,
                "position": 3,
                "comment": "",
                "partition_index": null,
                "type_interval_type": null
            },
            {
                "name": "date",
                "type_name": "DATE",
                "type_text": "date",
                "type_json": "{\"name\":\"date\",\"type\":\"date\",\"nullable\":true,\"metadata\":{}}",
                "type_precision": 0,
                "type_scale": 0,
                "nullable": true,
                "position": 4,
                "comment": "",
                "partition_index": null,
                "type_interval_type": null
            },
            {
                "name": "day_flag",
                "type_name": "STRING",
                "type_text": "string",
                "type_json": "{\"name\":\"day_flag\",\"type\":\"string\",\"nullable\":true,\"metadata\":{}}",
                "type_precision": 0,
                "type_scale": 0,
                "nullable": true,
                "position": 5,
                "comment": "",
                "partition_index": null,
                "type_interval_type": null
            },
            {
                "name": "cloud_cover_perc_avg",
                "type_name": "DOUBLE",
                "type_text": "double",
                "type_json": "{\"name\":\"cloud_cover_perc_avg\",\"type\":\"double\",\"nullable\":true,\"metadata\":{}}",
                "type_precision": 0,
                "type_scale": 0,
                "nullable": true,
                "position": 6,
                "comment": "",
                "partition_index": null,
                "type_interval_type": null
            },
            {
                "name": "degree_days_cooling",
                "type_name": "DOUBLE",
                "type_text": "double",
                "type_json": "{\"name\":\"degree_days_cooling\",\"type\":\"double\",\"nullable\":true,\"metadata\":{}}",
                "type_precision": 0,
                "type_scale": 0,
                "nullable": true,
                "position": 7,
                "comment": "",
                "partition_index": null,
                "type_interval_type": null
            },
            {
                "name": "degree_days_freezing",
                "type_name": "DOUBLE",
                "type_text": "double",
                "type_json": "{\"name\":\"degree_days_freezing\",\"type\":\"double\",\"nullable\":true,\"metadata\":{}}",
                "type_precision": 0,
                "type_scale": 0,
                "nullable": true,
                "position": 8,
                "comment": "",
                "partition_index": null,
                "type_interval_type": null
            },
            {
                "name": "degree_days_growing",
                "type_name": "DOUBLE",
                "type_text": "double",
                "type_json": "{\"name\":\"degree_days_growing\",\"type\":\"double\",\"nullable\":true,\"metadata\":{}}",
                "type_precision": 0,
                "type_scale": 0,
                "nullable": true,
                "position": 9,
                "comment": "",
                "partition_index": null,
                "type_interval_type": null
            },
            {
                "name": "degree_days_heating",
                "type_name": "DOUBLE",
                "type_text": "double",
                "type_json": "{\"name\":\"degree_days_heating\",\"type\":\"double\",\"nullable\":true,\"metadata\":{}}",
                "type_precision": 0,
                "type_scale": 0,
                "nullable": true,
                "position": 10,
                "comment": "",
                "partition_index": null,
                "type_interval_type": null
            },
            {
                "name": "humidity_relative_avg",
                "type_name": "DOUBLE",
                "type_text": "double",
                "type_json": "{\"name\":\"humidity_relative_avg\",\"type\":\"double\",\"nullable\":true,\"metadata\":{}}",
                "type_precision": 0,
                "type_scale": 0,
                "nullable": true,
                "position": 11,
                "comment": "",
                "partition_index": null,
                "type_interval_type": null
            },
            {
                "name": "humidity_relative_max",
                "type_name": "DOUBLE",
                "type_text": "double",
                "type_json": "{\"name\":\"humidity_relative_max\",\"type\":\"double\",\"nullable\":true,\"metadata\":{}}",
                "type_precision": 0,
                "type_scale": 0,
                "nullable": true,
                "position": 12,
                "comment": "",
                "partition_index": null,
                "type_interval_type": null
            },
            {
                "name": "humidity_relative_min",
                "type_name": "DOUBLE",
                "type_text": "double",
                "type_json": "{\"name\":\"humidity_relative_min\",\"type\":\"double\",\"nullable\":true,\"metadata\":{}}",
                "type_precision": 0,
                "type_scale": 0,
                "nullable": true,
                "position": 13,
                "comment": "",
                "partition_index": null,
                "type_interval_type": null
            },
            {
                "name": "index_air_quality_24hr_max",
                "type_name": "DOUBLE",
                "type_text": "double",
                "type_json": "{\"name\":\"index_air_quality_24hr_max\",\"type\":\"double\",\"nullable\":true,\"metadata\":{}}",
                "type_precision": 0,
                "type_scale": 0,
                "nullable": true,
                "position": 14,
                "comment": "",
                "partition_index": null,
                "type_interval_type": null
            },
            {
                "name": "index_uv_avg",
                "type_name": "DOUBLE",
                "type_text": "double",
                "type_json": "{\"name\":\"index_uv_avg\",\"type\":\"double\",\"nullable\":true,\"metadata\":{}}",
                "type_precision": 0,
                "type_scale": 0,
                "nullable": true,
                "position": 15,
                "comment": "",
                "partition_index": null,
                "type_interval_type": null
            },
            {
                "name": "minutes_of_ice_total",
                "type_name": "INT",
                "type_text": "int",
                "type_json": "{\"name\":\"minutes_of_ice_total\",\"type\":\"integer\",\"nullable\":true,\"metadata\":{}}",
                "type_precision": 0,
                "type_scale": 0,
                "nullable": true,
                "position": 16,
                "comment": "",
                "partition_index": null,
                "type_interval_type": null
            },
            {
                "name": "minutes_of_precipitation_total",
                "type_name": "INT",
                "type_text": "int",
                "type_json": "{\"name\":\"minutes_of_precipitation_total\",\"type\":\"integer\",\"nullable\":true,\"metadata\":{}}",
                "type_precision": 0,
                "type_scale": 0,
                "nullable": true,
                "position": 17,
                "comment": "",
                "partition_index": null,
                "type_interval_type": null
            },
            {
                "name": "minutes_of_sun_total",
                "type_name": "INT",
                "type_text": "int",
                "type_json": "{\"name\":\"minutes_of_sun_total\",\"type\":\"integer\",\"nullable\":true,\"metadata\":{}}",
                "type_precision": 0,
                "type_scale": 0,
                "nullable": true,
                "position": 18,
                "comment": "",
                "partition_index": null,
                "type_interval_type": null
            },
            {
                "name": "minutes_of_rain_total",
                "type_name": "INT",
                "type_text": "int",
                "type_json": "{\"name\":\"minutes_of_rain_total\",\"type\":\"integer\",\"nullable\":true,\"metadata\":{}}",
                "type_precision": 0,
                "type_scale": 0,
                "nullable": true,
                "position": 19,
                "comment": "",
                "partition_index": null,
                "type_interval_type": null
            },
            {
                "name": "minutes_of_snow_total",
                "type_name": "INT",
                "type_text": "int",
                "type_json": "{\"name\":\"minutes_of_snow_total\",\"type\":\"integer\",\"nullable\":true,\"metadata\":{}}",
                "type_precision": 0,
                "type_scale": 0,
                "nullable": true,
                "position": 20,
                "comment": "",
                "partition_index": null,
                "type_interval_type": null
            },
            {
                "name": "has_ice",
                "type_name": "BOOLEAN",
                "type_text": "boolean",
                "type_json": "{\"name\":\"has_ice\",\"type\":\"boolean\",\"nullable\":true,\"metadata\":{}}",
                "type_precision": 0,
                "type_scale": 0,
                "nullable": true,
                "position": 21,
                "comment": "",
                "partition_index": null,
                "type_interval_type": null
            },
            {
                "name": "ice_lwe_total",
                "type_name": "DOUBLE",
                "type_text": "double",
                "type_json": "{\"name\":\"ice_lwe_total\",\"type\":\"double\",\"nullable\":true,\"metadata\":{}}",
                "type_precision": 0,
                "type_scale": 0,
                "nullable": true,
                "position": 22,
                "comment": "",
                "partition_index": null,
                "type_interval_type": null
            },
            {
                "name": "ice_probability",
                "type_name": "INT",
                "type_text": "int",
                "type_json": "{\"name\":\"ice_probability\",\"type\":\"integer\",\"nullable\":true,\"metadata\":{}}",
                "type_precision": 0,
                "type_scale": 0,
                "nullable": true,
                "position": 23,
                "comment": "",
                "partition_index": null,
                "type_interval_type": null
            },
            {
                "name": "phrase_long",
                "type_name": "STRING",
                "type_text": "string",
                "type_json": "{\"name\":\"phrase_long\",\"type\":\"string\",\"nullable\":true,\"metadata\":{}}",
                "type_precision": 0,
                "type_scale": 0,
                "nullable": true,
                "position": 24,
                "comment": "",
                "partition_index": null,
                "type_interval_type": null
            },
            {
                "name": "phrase_short",
                "type_name": "STRING",
                "type_text": "string",
                "type_json": "{\"name\":\"phrase_short\",\"type\":\"string\",\"nullable\":true,\"metadata\":{}}",
                "type_precision": 0,
                "type_scale": 0,
                "nullable": true,
                "position": 25,
                "comment": "",
                "partition_index": null,
                "type_interval_type": null
            },
            {
                "name": "has_precipitation",
                "type_name": "BOOLEAN",
                "type_text": "boolean",
                "type_json": "{\"name\":\"has_precipitation\",\"type\":\"boolean\",\"nullable\":true,\"metadata\":{}}",
                "type_precision": 0,
                "type_scale": 0,
                "nullable": true,
                "position": 26,
                "comment": "",
                "partition_index": null,
                "type_interval_type": null
            },
            {
                "name": "precipitation_lwe_total",
                "type_name": "DOUBLE",
                "type_text": "double",
                "type_json": "{\"name\":\"precipitation_lwe_total\",\"type\":\"double\",\"nullable\":true,\"metadata\":{}}",
                "type_precision": 0,
                "type_scale": 0,
                "nullable": true,
                "position": 27,
                "comment": "",
                "partition_index": null,
                "type_interval_type": null
            },
            {
                "name": "precipitation_probability",
                "type_name": "INT",
                "type_text": "int",
                "type_json": "{\"name\":\"precipitation_probability\",\"type\":\"integer\",\"nullable\":true,\"metadata\":{}}",
                "type_precision": 0,
                "type_scale": 0,
                "nullable": true,
                "position": 28,
                "comment": "",
                "partition_index": null,
                "type_interval_type": null
            },
            {
                "name": "precipitation_type_desc_predominant",
                "type_name": "STRING",
                "type_text": "string",
                "type_json": "{\"name\":\"precipitation_type_desc_predominant\",\"type\":\"string\",\"nullable\":true,\"metadata\":{}}",
                "type_precision": 0,
                "type_scale": 0,
                "nullable": true,
                "position": 29,
                "comment": "",
                "partition_index": null,
                "type_interval_type": null
            },
            {
                "name": "has_rain",
                "type_name": "BOOLEAN",
                "type_text": "boolean",
                "type_json": "{\"name\":\"has_rain\",\"type\":\"boolean\",\"nullable\":true,\"metadata\":{}}",
                "type_precision": 0,
                "type_scale": 0,
                "nullable": true,
                "position": 30,
                "comment": "",
                "partition_index": null,
                "type_interval_type": null
            },
            {
                "name": "rain_lwe_total",
                "type_name": "DOUBLE",
                "type_text": "double",
                "type_json": "{\"name\":\"rain_lwe_total\",\"type\":\"double\",\"nullable\":true,\"metadata\":{}}",
                "type_precision": 0,
                "type_scale": 0,
                "nullable": true,
                "position": 31,
                "comment": "",
                "partition_index": null,
                "type_interval_type": null
            },
            {
                "name": "rain_probability",
                "type_name": "INT",
                "type_text": "int",
                "type_json": "{\"name\":\"rain_probability\",\"type\":\"integer\",\"nullable\":true,\"metadata\":{}}",
                "type_precision": 0,
                "type_scale": 0,
                "nullable": true,
                "position": 32,
                "comment": "",
                "partition_index": null,
                "type_interval_type": null
            },
            {
                "name": "snow_liquid_ratio_accuweather_avg",
                "type_name": "DOUBLE",
                "type_text": "double",
                "type_json": "{\"name\":\"snow_liquid_ratio_accuweather_avg\",\"type\":\"double\",\"nullable\":true,\"metadata\":{}}",
                "type_precision": 0,
                "type_scale": 0,
                "nullable": true,
                "position": 33,
                "comment": "",
                "partition_index": null,
                "type_interval_type": null
            },
            {
                "name": "has_snow",
                "type_name": "BOOLEAN",
                "type_text": "boolean",
                "type_json": "{\"name\":\"has_snow\",\"type\":\"boolean\",\"nullable\":true,\"metadata\":{}}",
                "type_precision": 0,
                "type_scale": 0,
                "nullable": true,
                "position": 34,
                "comment": "",
                "partition_index": null,
                "type_interval_type": null
            },
            {
                "name": "snow_total",
                "type_name": "DOUBLE",
                "type_text": "double",
                "type_json": "{\"name\":\"snow_total\",\"type\":\"double\",\"nullable\":true,\"metadata\":{}}",
                "type_precision": 0,
                "type_scale": 0,
                "nullable": true,
                "position": 35,
                "comment": "",
                "partition_index": null,
                "type_interval_type": null
            },
            {
                "name": "snow_lwe_total",
                "type_name": "DOUBLE",
                "type_text": "double",
                "type_json": "{\"name\":\"snow_lwe_total\",\"type\":\"double\",\"nullable\":true,\"metadata\":{}}",
                "type_precision": 0,
                "type_scale": 0,
                "nullable": true,
                "position": 36,
                "comment": "",
                "partition_index": null,
                "type_interval_type": null
            },
            {
                "name": "snow_probability",
                "type_name": "INT",
                "type_text": "int",
                "type_json": "{\"name\":\"snow_probability\",\"type\":\"integer\",\"nullable\":true,\"metadata\":{}}",
                "type_precision": 0,
                "type_scale": 0,
                "nullable": true,
                "position": 37,
                "comment": "",
                "partition_index": null,
                "type_interval_type": null
            },
            {
                "name": "solar_irradiance_total",
                "type_name": "DOUBLE",
                "type_text": "double",
                "type_json": "{\"name\":\"solar_irradiance_total\",\"type\":\"double\",\"nullable\":true,\"metadata\":{}}",
                "type_precision": 0,
                "type_scale": 0,
                "nullable": true,
                "position": 38,
                "comment": "",
                "partition_index": null,
                "type_interval_type": null
            },
            {
                "name": "temperature_avg",
                "type_name": "DOUBLE",
                "type_text": "double",
                "type_json": "{\"name\":\"temperature_avg\",\"type\":\"double\",\"nullable\":true,\"metadata\":{}}",
                "type_precision": 0,
                "type_scale": 0,
                "nullable": true,
                "position": 39,
                "comment": "",
                "partition_index": null,
                "type_interval_type": null
            },
            {
                "name": "temperature_max",
                "type_name": "DOUBLE",
                "type_text": "double",
                "type_json": "{\"name\":\"temperature_max\",\"type\":\"double\",\"nullable\":true,\"metadata\":{}}",
                "type_precision": 0,
                "type_scale": 0,
                "nullable": true,
                "position": 40,
                "comment": "",
                "partition_index": null,
                "type_interval_type": null
            },
            {
                "name": "temperature_min",
                "type_name": "DOUBLE",
                "type_text": "double",
                "type_json": "{\"name\":\"temperature_min\",\"type\":\"double\",\"nullable\":true,\"metadata\":{}}",
                "type_precision": 0,
                "type_scale": 0,
                "nullable": true,
                "position": 41,
                "comment": "",
                "partition_index": null,
                "type_interval_type": null
            },
            {
                "name": "temperature_dew_point_avg",
                "type_name": "DOUBLE",
                "type_text": "double",
                "type_json": "{\"name\":\"temperature_dew_point_avg\",\"type\":\"double\",\"nullable\":true,\"metadata\":{}}",
                "type_precision": 0,
                "type_scale": 0,
                "nullable": true,
                "position": 42,
                "comment": "",
                "partition_index": null,
                "type_interval_type": null
            },
            {
                "name": "temperature_dew_point_max",
                "type_name": "DOUBLE",
                "type_text": "double",
                "type_json": "{\"name\":\"temperature_dew_point_max\",\"type\":\"double\",\"nullable\":true,\"metadata\":{}}",
                "type_precision": 0,
                "type_scale": 0,
                "nullable": true,
                "position": 43,
                "comment": "",
                "partition_index": null,
                "type_interval_type": null
            },
            {
                "name": "temperature_dew_point_min",
                "type_name": "DOUBLE",
                "type_text": "double",
                "type_json": "{\"name\":\"temperature_dew_point_min\",\"type\":\"double\",\"nullable\":true,\"metadata\":{}}",
                "type_precision": 0,
                "type_scale": 0,
                "nullable": true,
                "position": 44,
                "comment": "",
                "partition_index": null,
                "type_interval_type": null
            },
            {
                "name": "temperature_heat_index_avg",
                "type_name": "DOUBLE",
                "type_text": "double",
                "type_json": "{\"name\":\"temperature_heat_index_avg\",\"type\":\"double\",\"nullable\":true,\"metadata\":{}}",
                "type_precision": 0,
                "type_scale": 0,
                "nullable": true,
                "position": 45,
                "comment": "",
                "partition_index": null,
                "type_interval_type": null
            },
            {
                "name": "temperature_heat_index_max",
                "type_name": "DOUBLE",
                "type_text": "double",
                "type_json": "{\"name\":\"temperature_heat_index_max\",\"type\":\"double\",\"nullable\":true,\"metadata\":{}}",
                "type_precision": 0,
                "type_scale": 0,
                "nullable": true,
                "position": 46,
                "comment": "",
                "partition_index": null,
                "type_interval_type": null
            },
            {
                "name": "temperature_heat_index_min",
                "type_name": "DOUBLE",
                "type_text": "double",
                "type_json": "{\"name\":\"temperature_heat_index_min\",\"type\":\"double\",\"nullable\":true,\"metadata\":{}}",
                "type_precision": 0,
                "type_scale": 0,
                "nullable": true,
                "position": 47,
                "comment": "",
                "partition_index": null,
                "type_interval_type": null
            },
            {
                "name": "temperature_realfeel_avg",
                "type_name": "DOUBLE",
                "type_text": "double",
                "type_json": "{\"name\":\"temperature_realfeel_avg\",\"type\":\"double\",\"nullable\":true,\"metadata\":{}}",
                "type_precision": 0,
                "type_scale": 0,
                "nullable": true,
                "position": 48,
                "comment": "",
                "partition_index": null,
                "type_interval_type": null
            },
            {
                "name": "temperature_realfeel_max",
                "type_name": "DOUBLE",
                "type_text": "double",
                "type_json": "{\"name\":\"temperature_realfeel_max\",\"type\":\"double\",\"nullable\":true,\"metadata\":{}}",
                "type_precision": 0,
                "type_scale": 0,
                "nullable": true,
                "position": 49,
                "comment": "",
                "partition_index": null,
                "type_interval_type": null
            },
            {
                "name": "temperature_realfeel_min",
                "type_name": "DOUBLE",
                "type_text": "double",
                "type_json": "{\"name\":\"temperature_realfeel_min\",\"type\":\"double\",\"nullable\":true,\"metadata\":{}}",
                "type_precision": 0,
                "type_scale": 0,
                "nullable": true,
                "position": 50,
                "comment": "",
                "partition_index": null,
                "type_interval_type": null
            },
            {
                "name": "temperature_realfeel_shade_avg",
                "type_name": "DOUBLE",
                "type_text": "double",
                "type_json": "{\"name\":\"temperature_realfeel_shade_avg\",\"type\":\"double\",\"nullable\":true,\"metadata\":{}}",
                "type_precision": 0,
                "type_scale": 0,
                "nullable": true,
                "position": 51,
                "comment": "",
                "partition_index": null,
                "type_interval_type": null
            },
            {
                "name": "temperature_realfeel_shade_max",
                "type_name": "DOUBLE",
                "type_text": "double",
                "type_json": "{\"name\":\"temperature_realfeel_shade_max\",\"type\":\"double\",\"nullable\":true,\"metadata\":{}}",
                "type_precision": 0,
                "type_scale": 0,
                "nullable": true,
                "position": 52,
                "comment": "",
                "partition_index": null,
                "type_interval_type": null
            },
            {
                "name": "temperature_realfeel_shade_min",
                "type_name": "DOUBLE",
                "type_text": "double",
                "type_json": "{\"name\":\"temperature_realfeel_shade_min\",\"type\":\"double\",\"nullable\":true,\"metadata\":{}}",
                "type_precision": 0,
                "type_scale": 0,
                "nullable": true,
                "position": 53,
                "comment": "",
                "partition_index": null,
                "type_interval_type": null
            },
            {
                "name": "temperature_wind_chill_avg",
                "type_name": "DOUBLE",
                "type_text": "double",
                "type_json": "{\"name\":\"temperature_wind_chill_avg\",\"type\":\"double\",\"nullable\":true,\"metadata\":{}}",
                "type_precision": 0,
                "type_scale": 0,
                "nullable": true,
                "position": 54,
                "comment": "",
                "partition_index": null,
                "type_interval_type": null
            },
            {
                "name": "temperature_wind_chill_max",
                "type_name": "DOUBLE",
                "type_text": "double",
                "type_json": "{\"name\":\"temperature_wind_chill_max\",\"type\":\"double\",\"nullable\":true,\"metadata\":{}}",
                "type_precision": 0,
                "type_scale": 0,
                "nullable": true,
                "position": 55,
                "comment": "",
                "partition_index": null,
                "type_interval_type": null
            },
            {
                "name": "temperature_wind_chill_min",
                "type_name": "DOUBLE",
                "type_text": "double",
                "type_json": "{\"name\":\"temperature_wind_chill_min\",\"type\":\"double\",\"nullable\":true,\"metadata\":{}}",
                "type_precision": 0,
                "type_scale": 0,
                "nullable": true,
                "position": 56,
                "comment": "",
                "partition_index": null,
                "type_interval_type": null
            },
            {
                "name": "weather_icon",
                "type_name": "INT",
                "type_text": "int",
                "type_json": "{\"name\":\"weather_icon\",\"type\":\"integer\",\"nullable\":true,\"metadata\":{}}",
                "type_precision": 0,
                "type_scale": 0,
                "nullable": true,
                "position": 57,
                "comment": "",
                "partition_index": null,
                "type_interval_type": null
            },
            {
                "name": "wind_direction_avg",
                "type_name": "DOUBLE",
                "type_text": "double",
                "type_json": "{\"name\":\"wind_direction_avg\",\"type\":\"double\",\"nullable\":true,\"metadata\":{}}",
                "type_precision": 0,
                "type_scale": 0,
                "nullable": true,
                "position": 58,
                "comment": "",
                "partition_index": null,
                "type_interval_type": null
            },
            {
                "name": "wind_direction_predominant",
                "type_name": "DOUBLE",
                "type_text": "double",
                "type_json": "{\"name\":\"wind_direction_predominant\",\"type\":\"double\",\"nullable\":true,\"metadata\":{}}",
                "type_precision": 0,
                "type_scale": 0,
                "nullable": true,
                "position": 59,
                "comment": "",
                "partition_index": null,
                "type_interval_type": null
            },
            {
                "name": "wind_gust_avg",
                "type_name": "DOUBLE",
                "type_text": "double",
                "type_json": "{\"name\":\"wind_gust_avg\",\"type\":\"double\",\"nullable\":true,\"metadata\":{}}",
                "type_precision": 0,
                "type_scale": 0,
                "nullable": true,
                "position": 60,
                "comment": "",
                "partition_index": null,
                "type_interval_type": null
            },
            {
                "name": "wind_gust_max",
                "type_name": "DOUBLE",
                "type_text": "double",
                "type_json": "{\"name\":\"wind_gust_max\",\"type\":\"double\",\"nullable\":true,\"metadata\":{}}",
                "type_precision": 0,
                "type_scale": 0,
                "nullable": true,
                "position": 61,
                "comment": "",
                "partition_index": null,
                "type_interval_type": null
            },
            {
                "name": "wind_gust_min",
                "type_name": "DOUBLE",
                "type_text": "double",
                "type_json": "{\"name\":\"wind_gust_min\",\"type\":\"double\",\"nullable\":true,\"metadata\":{}}",
                "type_precision": 0,
                "type_scale": 0,
                "nullable": true,
                "position": 62,
                "comment": "",
                "partition_index": null,
                "type_interval_type": null
            },
            {
                "name": "wind_gust_direction_avg",
                "type_name": "DOUBLE",
                "type_text": "double",
                "type_json": "{\"name\":\"wind_gust_direction_avg\",\"type\":\"double\",\"nullable\":true,\"metadata\":{}}",
                "type_precision": 0,
                "type_scale": 0,
                "nullable": true,
                "position": 63,
                "comment": "",
                "partition_index": null,
                "type_interval_type": null
            },
            {
                "name": "wind_speed_avg",
                "type_name": "DOUBLE",
                "type_text": "double",
                "type_json": "{\"name\":\"wind_speed_avg\",\"type\":\"double\",\"nullable\":true,\"metadata\":{}}",
                "type_precision": 0,
                "type_scale": 0,
                "nullable": true,
                "position": 64,
                "comment": "",
                "partition_index": null,
                "type_interval_type": null
            },
            {
                "name": "wind_speed_max",
                "type_name": "DOUBLE",
                "type_text": "double",
                "type_json": "{\"name\":\"wind_speed_max\",\"type\":\"double\",\"nullable\":true,\"metadata\":{}}",
                "type_precision": 0,
                "type_scale": 0,
                "nullable": true,
                "position": 65,
                "comment": "",
                "partition_index": null,
                "type_interval_type": null
            },
            {
                "name": "wind_speed_min",
                "type_name": "DOUBLE",
                "type_text": "double",
                "type_json": "{\"name\":\"wind_speed_min\",\"type\":\"double\",\"nullable\":true,\"metadata\":{}}",
                "type_precision": 0,
                "type_scale": 0,
                "nullable": true,
                "position": 66,
                "comment": "",
                "partition_index": null,
                "type_interval_type": null
            }
        ]
    },
    "describe_detail": {
        "location": "s3://system-tables-prod-us-east-2-uc-metastore-bucket/metastore/b622f329-0f39-444f-9dbb-5733ba3e2021/tables/2c2a1ed3-2dce-4bd5-a4c9-6eed366e13e3",
        "provider": "DELTA",
        "table_id": "cbc0797b-a7ec-4191-b9c3-bdebbe7074f7",
        "metastore_id": "851f9499-ddfc-40a9-9bac-1fe4f4ca22ed",
        "full_name": "samples.accuweather.forecast_daynight_imperial",
        "detail_info": {}
    },
    "table_properties": {
        "spark.sql.statistics.colStats.precipitation_probability.max": "100",
        "spark.sql.statistics.colStats.degree_days_growing.nullCount": "0",
        "spark.sql.statistics.colStats.temperature_wind_chill_min.nullCount": "0",
        "spark.sql.statistics.colStats.minutes_of_precipitation_total.min": "0",
        "spark.sql.statistics.colStats.wind_direction_avg.rowCount": "1500",
        "spark.sql.statistics.colStats.country_code.createdBy": "root",
        "spark.sql.statistics.colStats.temperature_dew_point_avg.distinctCount": "1308",
        "spark.sql.statistics.colStats.country_code.createdAt": "1755184055410",
        "spark.sql.statistics.colStats.humidity_relative_max.nullCount": "0",
        "spark.sql.statistics.colStats.has_snow.maxLen": "1",
        "delta.lastCommitTimestamp": "1755184056000",
        "spark.sql.statistics.colStats.wind_speed_min.avgLen": "8",
        "spark.sql.statistics.colStats.degree_days_freezing.createdBy": "root",
        "spark.sql.statistics.colStats.temperature_realfeel_shade_max.avgLen": "8",
        "spark.sql.statistics.colStats.temperature_heat_index_max.nullCount": "0",
        "spark.sql.statistics.colStats.temperature_heat_index_avg.min": "37.8",
        "spark.sql.statistics.colStats.wind_gust_avg.maxLen": "8",
        "spark.sql.statistics.colStats.has_ice.max": "false",
        "spark.sql.statistics.colStats.weather_icon.createdAt": "1755184055410",
        "spark.sql.statistics.colStats.wind_gust_max.maxLen": "8",
        "spark.sql.statistics.colStats.degree_days_heating.maxLen": "8",
        "spark.sql.statistics.colStats.wind_speed_min.createdAt": "1755184055410",
        "spark.sql.statistics.colStats.temperature_dew_point_avg.max": "89.42",
        "spark.sql.statistics.colStats.wind_direction_predominant.nullCount": "0",
        "spark.sql.statistics.colStats.snow_lwe_total.rowCount": "1500",
        "spark.sql.statistics.colStats.humidity_relative_avg.createdBy": "root",
        "spark.sql.statistics.colStats.date.version": "2",
        "spark.sql.statistics.colStats.ice_lwe_total.min": "0.0",
        "spark.sql.statistics.colStats.temperature_heat_index_max.rowCount": "1500",
        "spark.sql.statistics.colStats.solar_irradiance_total.createdBy": "root",
        "spark.sql.statistics.colStats.temperature_avg.avgLen": "8",
        "spark.sql.statistics.colStats.has_rain.rowCount": "1500",
        "spark.sql.statistics.colStats.cloud_cover_perc_avg.version": "2",
        "spark.sql.statistics.colStats.wind_speed_min.version": "2",
        "spark.sql.statistics.colStats.temperature_heat_index_max.distinctCount": "1390",
        "spark.sql.statistics.colStats.minutes_of_sun_total.min": "0",
        "spark.sql.statistics.colStats.temperature_dew_point_avg.createdAt": "1755184055410",
        "spark.sql.statistics.colStats.temperature_realfeel_min.distinctCount": "1307",
        "spark.sql.statistics.colStats.temperature_wind_chill_max.maxLen": "8",
        "spark.sql.statistics.colStats.temperature_max.version": "2",
        "spark.sql.statistics.colStats.wind_speed_avg.nullCount": "0",
        "spark.sql.statistics.colStats.has_rain.avgLen": "1",
        "spark.sql.statistics.colStats.latitude.maxLen": "8",
        "spark.sql.statistics.colStats.temperature_heat_index_avg.avgLen": "8",
        "spark.sql.statistics.colStats.phrase_long.maxLen": "159",
        "spark.sql.statistics.colStats.index_air_quality_24hr_max.distinctCount": "88",
        "spark.sql.statistics.colStats.minutes_of_sun_total.distinctCount": "412",
        "spark.sql.statistics.colStats.temperature_dew_point_avg.avgLen": "8",
        "spark.sql.statistics.colStats.cloud_cover_perc_avg.distinctCount": "98",
        "spark.sql.statistics.colStats.precipitation_lwe_total.max": "3.944",
        "spark.sql.statistics.colStats.date.max": "2024-07-26",
        "spark.sql.statistics.colStats.temperature_wind_chill_max.distinctCount": "1171",
        "spark.sql.statistics.colStats.index_uv_avg.distinctCount": "1",
        "spark.sql.statistics.colStats.snow_lwe_total.createdAt": "1755184055410",
        "spark.sql.statistics.colStats.phrase_short.maxLen": "29",
        "spark.sql.statistics.colStats.degree_days_heating.rowCount": "1500",
        "spark.sql.statistics.colStats.city_name.version": "2",
        "spark.sql.statistics.colStats.temperature_realfeel_shade_avg.version": "2",
        "spark.sql.statistics.colStats.temperature_dew_point_max.maxLen": "8",
        "spark.sql.statistics.colStats.wind_gust_avg.rowCount": "1500",
        "spark.sql.statistics.colStats.minutes_of_precipitation_total.rowCount": "1500",
        "spark.sql.statistics.version": "2",
        "spark.sql.statistics.colStats.ice_probability.createdAt": "1755184055410",
        "spark.sql.statistics.colStats.temperature_min.rowCount": "1500",
        "spark.sql.statistics.colStats.cloud_cover_perc_avg.createdAt": "1755184055410",
        "spark.sql.statistics.colStats.temperature_realfeel_max.maxLen": "8",
        "spark.sql.statistics.colStats.humidity_relative_max.min": "11.21",
        "spark.sql.statistics.colStats.temperature_wind_chill_max.min": "42.71",
        "spark.sql.statistics.colStats.city_name.avgLen": "8",
        "spark.sql.statistics.colStats.minutes_of_ice_total.min": "0",
        "spark.sql.statistics.colStats.humidity_relative_avg.min": "7.38",
        "spark.sql.statistics.colStats.temperature_dew_point_max.avgLen": "8",
        "spark.sql.statistics.colStats.wind_gust_avg.distinctCount": "36",
        "spark.sql.statistics.colStats.index_uv_avg.createdBy": "root",
        "spark.sql.statistics.colStats.minutes_of_sun_total.version": "2",
        "delta.lastUpdateVersion": "363",
        "spark.sql.statistics.colStats.snow_total.min": "0.0",
        "spark.sql.statistics.colStats.temperature_realfeel_shade_avg.min": "38.75",
        "spark.sql.statistics.colStats.wind_gust_min.maxLen": "8",
        "spark.sql.statistics.colStats.temperature_dew_point_max.distinctCount": "1152",
        "spark.sql.statistics.colStats.wind_speed_min.distinctCount": "17",
        "spark.sql.statistics.colStats.wind_gust_min.createdAt": "1755184055410",
        "spark.sql.statistics.colStats.temperature_min.max": "96.7",
        "spark.sql.statistics.colStats.ice_lwe_total.nullCount": "0",
        "spark.sql.statistics.colStats.city_name.createdBy": "root",
        "spark.sql.statistics.colStats.wind_gust_min.max": "30.0",
        "spark.sql.statistics.colStats.temperature_heat_index_max.avgLen": "8",
        "spark.sql.statistics.colStats.precipitation_lwe_total.avgLen": "8",
        "delta.minWriterVersion": "1",
        "spark.sql.statistics.colStats.temperature_heat_index_min.maxLen": "8",
        "spark.sql.statistics.colStats.precipitation_probability.distinctCount": "83",
        "spark.sql.statistics.colStats.temperature_dew_point_avg.rowCount": "1500",
        "spark.sql.statistics.colStats.solar_irradiance_total.max": "9125.8",
        "spark.sql.statistics.colStats.temperature_wind_chill_min.max": "96.7",
        "spark.sql.statistics.colStats.wind_gust_avg.min": "2.0",
        "spark.sql.statistics.colStats.temperature_max.avgLen": "8",
        "spark.sql.statistics.colStats.temperature_heat_index_min.min": "27.86",
        "spark.sql.statistics.colStats.temperature_realfeel_avg.version": "2",
        "spark.sql.statistics.colStats.temperature_realfeel_shade_avg.nullCount": "0",
        "spark.sql.statistics.colStats.index_air_quality_24hr_max.avgLen": "8",
        "spark.sql.statistics.colStats.temperature_realfeel_shade_max.min": "41.32",
        "spark.sql.statistics.colStats.temperature_min.avgLen": "8",
        "spark.sql.statistics.colStats.minutes_of_snow_total.max": "0",
        "spark.sql.statistics.colStats.snow_probability.createdAt": "1755184055410",
        "spark.sql.statistics.colStats.snow_liquid_ratio_accuweather_avg.nullCount": "0",
        "spark.sql.statistics.colStats.has_precipitation.createdAt": "1755184055410",
        "spark.sql.statistics.colStats.temperature_dew_point_min.nullCount": "0",
        "spark.sql.statistics.colStats.rain_probability.createdAt": "1755184055410",
        "spark.sql.statistics.colStats.temperature_realfeel_shade_min.distinctCount": "1312",
        "spark.sql.statistics.colStats.cloud_cover_perc_avg.avgLen": "8",
        "spark.sql.statistics.colStats.precipitation_lwe_total.createdBy": "root",
        "spark.sql.statistics.colStats.minutes_of_rain_total.rowCount": "1500",
        "spark.sql.statistics.colStats.snow_probability.min": "0",
        "spark.sql.statistics.colStats.wind_gust_avg.createdBy": "root",
        "spark.sql.statistics.colStats.temperature_avg.max": "111.43",
        "spark.sql.statistics.colStats.temperature_min.version": "2",
        "spark.sql.statistics.colStats.temperature_dew_point_min.version": "2",
        "spark.sql.statistics.colStats.wind_speed_min.createdBy": "root",
        "spark.sql.statistics.colStats.temperature_dew_point_max.version": "2",
        "spark.sql.statistics.colStats.phrase_short.avgLen": "20",
        "spark.sql.statistics.colStats.temperature_wind_chill_max.max": "122.29",
        "spark.sql.statistics.auxiliaryInfo": "{\"source\":\"AUTO_STATS\"}",
        "spark.sql.statistics.colStats.city_name.nullCount": "0",
        "spark.sql.statistics.colStats.ice_probability.nullCount": "0",
        "spark.sql.statistics.colStats.wind_direction_predominant.distinctCount": "1",
        "spark.sql.statistics.colStats.minutes_of_ice_total.maxLen": "4",
        "spark.sql.statistics.colStats.rain_probability.maxLen": "4",
        "spark.sql.statistics.colStats.minutes_of_sun_total.max": "720",
        "spark.sql.statistics.colStats.minutes_of_snow_total.distinctCount": "1",
        "spark.sql.statistics.colStats.solar_irradiance_total.maxLen": "8",
        "spark.sql.statistics.colStats.snow_liquid_ratio_accuweather_avg.rowCount": "1500",
        "spark.sql.statistics.colStats.minutes_of_precipitation_total.maxLen": "4",
        "spark.sql.statistics.colStats.ice_lwe_total.createdAt": "1755184055410",
        "spark.sql.statistics.colStats.minutes_of_ice_total.distinctCount": "1",
        "spark.sql.statistics.colStats.snow_probability.avgLen": "4",
        "spark.sql.statistics.colStats.temperature_wind_chill_min.createdAt": "1755184055410",
        "spark.sql.statistics.colStats.degree_days_growing.distinctCount": "1234",
        "spark.sql.statistics.colStats.temperature_realfeel_shade_max.maxLen": "8",
        "spark.sql.statistics.colStats.index_air_quality_24hr_max.min": "0.0",
        "spark.sql.statistics.colStats.temperature_heat_index_avg.distinctCount": "1273",
        "spark.sql.statistics.colStats.wind_speed_min.maxLen": "8",
        "spark.sql.statistics.colStats.longitude.version": "2",
        "spark.sql.statistics.colStats.ice_lwe_total.distinctCount": "1",
        "spark.sql.statistics.colStats.degree_days_freezing.min": "0.0",
        "spark.sql.statistics.colStats.temperature_max.maxLen": "8",
        "spark.sql.statistics.colStats.solar_irradiance_total.createdAt": "1755184055410",
        "spark.sql.statistics.colStats.precipitation_lwe_total.nullCount": "0",
        "spark.sql.statistics.colStats.temperature_wind_chill_min.rowCount": "1500",
        "spark.sql.statistics.colStats.precipitation_type_desc_predominant.rowCount": "1500",
        "spark.sql.statistics.colStats.wind_direction_predominant.createdBy": "root",
        "spark.sql.statistics.colStats.temperature_wind_chill_avg.nullCount": "0",
        "spark.sql.statistics.colStats.index_uv_avg.createdAt": "1755184055410",
        "spark.sql.statistics.colStats.temperature_realfeel_min.avgLen": "8",
        "spark.sql.statistics.colStats.snow_liquid_ratio_accuweather_avg.createdAt": "1755184055410",
        "spark.sql.statistics.colStats.has_snow.version": "2",
        "spark.sql.statistics.colStats.temperature_wind_chill_max.nullCount": "0",
        "spark.sql.statistics.colStats.cloud_cover_perc_avg.max": "100.0",
        "spark.sql.statistics.colStats.temperature_realfeel_max.createdAt": "1755184055410",
        "spark.sql.statistics.colStats.wind_speed_max.createdAt": "1755184055410",
        "spark.sql.statistics.colStats.wind_gust_min.createdBy": "root",
        "spark.sql.statistics.colStats.humidity_relative_avg.createdAt": "1755184055410",
        "spark.sql.statistics.colStats.degree_days_freezing.createdAt": "1755184055410",
        "spark.sql.statistics.colStats.temperature_dew_point_max.createdAt": "1755184055410",
        "spark.sql.statistics.colStats.country_code.avgLen": "2",
        "spark.sql.statistics.colStats.temperature_realfeel_shade_max.rowCount": "1500",
        "spark.sql.statistics.colStats.wind_direction_avg.createdAt": "1755184055410",
        "spark.sql.statistics.colStats.minutes_of_snow_total.createdBy": "root",
        "spark.sql.statistics.colStats.minutes_of_precipitation_total.createdAt": "1755184055410",
        "spark.sql.statistics.colStats.wind_speed_avg.version": "2",
        "spark.sql.statistics.colStats.minutes_of_rain_total.nullCount": "0",
        "spark.sql.statistics.colStats.has_ice.version": "2",
        "spark.sql.statistics.colStats.temperature_wind_chill_avg.createdAt": "1755184055410",
        "spark.sql.statistics.colStats.wind_speed_max.avgLen": "8",
        "spark.sql.statistics.colStats.rain_probability.max": "100",
        "spark.sql.statistics.numRows": "1500",
        "spark.sql.statistics.colStats.longitude.min": "-157.84536",
        "spark.sql.statistics.colStats.minutes_of_ice_total.version": "2",
        "spark.sql.statistics.colStats.humidity_relative_avg.rowCount": "1500",
        "spark.sql.statistics.colStats.longitude.rowCount": "1500",
        "spark.sql.statistics.colStats.temperature_realfeel_shade_min.version": "2",
        "spark.sql.statistics.colStats.has_precipitation.rowCount": "1500",
        "spark.sql.statistics.colStats.has_ice.createdAt": "1755184055410",
        "spark.sql.statistics.colStats.degree_days_heating.createdAt": "1755184055410",
        "spark.sql.statistics.colStats.temperature_avg.nullCount": "0",
        "spark.sql.statistics.colStats.day_flag.maxLen": "1",
        "spark.sql.statistics.colStats.temperature_avg.createdBy": "root",
        "spark.sql.statistics.colStats.temperature_realfeel_shade_max.distinctCount": "1295",
        "spark.sql.statistics.colStats.temperature_wind_chill_avg.max": "111.43",
        "spark.sql.statistics.colStats.temperature_realfeel_max.nullCount": "0",
        "spark.sql.statistics.colStats.degree_days_heating.max": "24.68",
        "spark.sql.statistics.colStats.has_snow.createdBy": "root",
        "spark.sql.statistics.colStats.degree_days_cooling.version": "2",
        "spark.sql.statistics.colStats.minutes_of_sun_total.createdAt": "1755184055410",
        "spark.sql.statistics.colStats.solar_irradiance_total.distinctCount": "1181",
        "spark.sql.statistics.colStats.temperature_realfeel_shade_min.createdBy": "root",
        "spark.sql.statistics.colStats.temperature_dew_point_avg.createdBy": "root",
        "spark.sql.statistics.colStats.country_code.nullCount": "0",
        "spark.sql.statistics.colStats.humidity_relative_max.maxLen": "8",
        "spark.sql.statistics.colStats.latitude.createdAt": "1755184055410",
        "spark.sql.statistics.colStats.wind_speed_avg.avgLen": "8",
        "spark.sql.statistics.colStats.has_snow.min": "false",
        "spark.sql.statistics.colStats.temperature_realfeel_shade_min.maxLen": "8",
        "spark.sql.statistics.colStats.wind_direction_avg.version": "2",
        "spark.sql.statistics.colStats.temperature_dew_point_avg.min": "22.25",
        "spark.sql.statistics.colStats.solar_irradiance_total.min": "0.0",
        "spark.sql.statistics.colStats.humidity_relative_min.createdBy": "root",
        "spark.sql.statistics.colStats.solar_irradiance_total.version": "2",
        "spark.sql.statistics.colStats.temperature_dew_point_min.distinctCount": "1181",
        "spark.sql.statistics.colStats.temperature_realfeel_avg.avgLen": "8",
        "spark.sql.statistics.colStats.weather_icon.createdBy": "root",
        "spark.sql.statistics.colStats.temperature_wind_chill_avg.avgLen": "8",
        "spark.sql.statistics.colStats.temperature_avg.min": "40.32",
        "spark.sql.statistics.colStats.temperature_heat_index_min.distinctCount": "1306",
        "spark.sql.statistics.colStats.has_rain.createdBy": "root",
        "spark.sql.statistics.colStats.humidity_relative_max.distinctCount": "1234",
        "spark.sql.statistics.colStats.precipitation_probability.maxLen": "4",
        "spark.sql.statistics.colStats.minutes_of_rain_total.createdBy": "root",
        "spark.sql.statistics.colStats.minutes_of_precipitation_total.version": "2",
        "spark.sql.statistics.colStats.snow_total.avgLen": "8",
        "spark.sql.statistics.colStats.minutes_of_precipitation_total.createdBy": "root",
        "spark.sql.statistics.colStats.wind_gust_min.rowCount": "1500",
        "spark.sql.statistics.colStats.precipitation_type_desc_predominant.version": "2",
        "spark.sql.statistics.colStats.temperature_dew_point_max.min": "27.11",
        "spark.sql.statistics.colStats.wind_gust_min.nullCount": "0",
        "spark.sql.statistics.colStats.wind_speed_avg.max": "21.0",
        "spark.sql.statistics.colStats.latitude.createdBy": "root",
        "spark.sql.statistics.colStats.temperature_wind_chill_min.version": "2",
        "spark.sql.statistics.colStats.phrase_long.createdAt": "1755184055410",
        "spark.sql.statistics.colStats.city_name.createdAt": "1755184055410",
        "spark.sql.statistics.colStats.longitude.createdAt": "1755184055410",
        "spark.sql.statistics.colStats.temperature_heat_index_avg.version": "2",
        "spark.sql.statistics.colStats.wind_gust_direction_avg.rowCount": "1500",
        "spark.sql.statistics.colStats.wind_gust_max.avgLen": "8",
        "spark.sql.statistics.colStats.snow_lwe_total.version": "2",
        "spark.sql.statistics.colStats.ice_probability.distinctCount": "1",
        "spark.sql.statistics.colStats.temperature_dew_point_max.nullCount": "0",
        "spark.sql.statistics.colStats.has_rain.distinctCount": "2",
        "spark.sql.statistics.colStats.rain_lwe_total.min": "0.0",
        "spark.sql.statistics.colStats.minutes_of_snow_total.nullCount": "0",
        "spark.sql.statistics.colStats.precipitation_type_desc_predominant.avgLen": "4",
        "spark.sql.statistics.colStats.temperature_heat_index_min.nullCount": "0",
        "spark.sql.statistics.colStats.index_air_quality_24hr_max.rowCount": "1500",
        "spark.sql.statistics.colStats.ice_probability.rowCount": "1500",
        "spark.sql.statistics.colStats.precipitation_probability.nullCount": "0",
        "spark.sql.statistics.colStats.wind_speed_max.max": "28.0",
        "spark.sql.statistics.colStats.index_uv_avg.version": "2",
        "spark.sql.statistics.colStats.cloud_cover_perc_avg.maxLen": "8",
        "spark.sql.statistics.colStats.ice_probability.avgLen": "4",
        "spark.sql.statistics.colStats.has_precipitation.createdBy": "root",
        "spark.sql.statistics.colStats.index_air_quality_24hr_max.max": "141.0",
        "spark.sql.statistics.colStats.rain_probability.version": "2",
        "spark.sql.statistics.colStats.date.avgLen": "4",
        "spark.sql.statistics.colStats.temperature_wind_chill_min.maxLen": "8",
        "spark.sql.statistics.colStats.rain_probability.rowCount": "1500",
        "spark.sql.statistics.colStats.temperature_realfeel_shade_max.createdAt": "1755184055410",
        "spark.sql.statistics.colStats.temperature_dew_point_avg.nullCount": "0",
        "spark.sql.statistics.colStats.temperature_wind_chill_max.createdBy": "root",
        "delta.enableDeletionVectors": "false",
        "spark.sql.statistics.colStats.temperature_realfeel_max.min": "41.32",
        "spark.sql.statistics.colStats.degree_days_freezing.max": "0.0",
        "spark.sql.statistics.colStats.snow_total.version": "2",
        "spark.sql.statistics.colStats.index_uv_avg.nullCount": "0",
        "spark.sql.statistics.colStats.rain_probability.distinctCount": "83",
        "spark.sql.statistics.colStats.humidity_relative_min.avgLen": "8",
        "spark.sql.statistics.colStats.minutes_of_snow_total.createdAt": "1755184055410",
        "spark.sql.statistics.colStats.wind_speed_max.version": "2",
        "spark.sql.statistics.colStats.minutes_of_precipitation_total.nullCount": "0",
        "spark.sql.statistics.colStats.minutes_of_rain_total.createdAt": "1755184055410",
        "spark.sql.statistics.colStats.wind_speed_avg.min": "1.0",
        "spark.sql.statistics.colStats.date.min": "2024-07-12",
        "spark.sql.statistics.colStats.latitude.min": "-34.60757",
        "spark.sql.statistics.colStats.humidity_relative_avg.maxLen": "8",
        "spark.sql.statistics.colStats.date.createdAt": "1755184055410",
        "spark.sql.statistics.colStats.temperature_heat_index_min.max": "110.05",
        "spark.sql.statistics.colStats.rain_lwe_total.maxLen": "8",
        "spark.sql.statistics.colStats.degree_days_growing.maxLen": "8",
        "delta.minReaderVersion": "1",
        "view.query.out.numCols": "67",
        "spark.sql.statistics.colStats.rain_lwe_total.nullCount": "0",
        "spark.sql.statistics.colStats.country_code.rowCount": "1500",
        "spark.sql.statistics.colStats.temperature_dew_point_avg.version": "2",
        "spark.sql.statistics.colStats.has_snow.createdAt": "1755184055410",
        "spark.sql.statistics.colStats.wind_direction_predominant.rowCount": "1500",
        "spark.sql.statistics.colStats.wind_direction_avg.nullCount": "0",
        "spark.sql.statistics.colStats.degree_days_cooling.distinctCount": "983",
        "spark.sql.statistics.colStats.phrase_long.rowCount": "1500",
        "spark.sql.statistics.colStats.wind_gust_direction_avg.createdAt": "1755184055410",
        "spark.sql.statistics.colStats.wind_speed_min.rowCount": "1500",
        "spark.sql.statistics.colStats.temperature_dew_point_max.rowCount": "1500",
        "spark.sql.statistics.colStats.wind_gust_avg.avgLen": "8",
        "spark.sql.statistics.colStats.minutes_of_snow_total.min": "0",
        "spark.sql.statistics.colStats.weather_icon.distinctCount": "26",
        "spark.sql.statistics.colStats.precipitation_probability.avgLen": "4",
        "spark.sql.statistics.colStats.wind_gust_min.min": "0.0",
        "spark.sql.statistics.colStats.phrase_short.version": "2",
        "spark.sql.statistics.colStats.wind_gust_max.min": "1.14",
        "spark.sql.statistics.colStats.wind_speed_max.distinctCount": "22",
        "spark.sql.statistics.colStats.weather_icon.max": "42",
        "spark.sql.statistics.colStats.has_rain.maxLen": "1",
        "spark.sql.statistics.colStats.temperature_wind_chill_min.distinctCount": "1191",
        "spark.sql.statistics.colStats.ice_lwe_total.version": "2",
        "spark.sql.statistics.colStats.temperature_realfeel_shade_min.createdAt": "1755184055410",
        "spark.sql.statistics.colStats.temperature_realfeel_max.avgLen": "8",
        "spark.sql.statistics.colStats.snow_liquid_ratio_accuweather_avg.maxLen": "8",
        "spark.sql.statistics.colStats.humidity_relative_min.max": "93.58",
        "spark.sql.statistics.colStats.wind_gust_direction_avg.max": "360.0",
        "spark.sql.statistics.colStats.humidity_relative_avg.version": "2",
        "spark.sql.statistics.colStats.humidity_relative_max.avgLen": "8",
        "spark.sql.statistics.colStats.wind_speed_max.rowCount": "1500",
        "spark.sql.statistics.colStats.index_uv_avg.avgLen": "8",
        "spark.sql.statistics.colStats.snow_total.distinctCount": "1",
        "spark.sql.statistics.colStats.temperature_realfeel_shade_avg.distinctCount": "1292",
        "spark.sql.statistics.colStats.has_ice.createdBy": "root",
        "spark.sql.statistics.colStats.snow_lwe_total.createdBy": "root",
        "spark.sql.statistics.colStats.date.nullCount": "0",
        "spark.sql.statistics.colStats.humidity_relative_avg.nullCount": "0",
        "spark.sql.statistics.colStats.humidity_relative_min.createdAt": "1755184055410",
        "spark.sql.statistics.colStats.wind_speed_min.nullCount": "0",
        "spark.sql.statistics.colStats.temperature_realfeel_min.createdAt": "1755184055410",
        "spark.sql.statistics.colStats.precipitation_lwe_total.maxLen": "8",
        "spark.sql.statistics.colStats.latitude.rowCount": "1500",
        "spark.sql.statistics.colStats.snow_total.maxLen": "8",
        "spark.sql.statistics.colStats.humidity_relative_min.rowCount": "1500",
        "spark.sql.statistics.colStats.temperature_realfeel_max.distinctCount": "1305",
        "spark.sql.statistics.colStats.wind_gust_min.avgLen": "8",
        "spark.sql.statistics.colStats.has_snow.avgLen": "1",
        "spark.sql.statistics.colStats.latitude.nullCount": "0",
        "spark.sql.statistics.colStats.latitude.distinctCount": "52",
        "spark.sql.statistics.colStats.minutes_of_ice_total.max": "0",
        "spark.sql.statistics.colStats.has_rain.createdAt": "1755184055410",
        "spark.sql.statistics.colStats.temperature_realfeel_avg.distinctCount": "1251",
        "spark.sql.statistics.colStats.wind_speed_min.max": "17.0",
        "spark.sql.statistics.colStats.temperature_realfeel_shade_max.createdBy": "root",
        "spark.sql.statistics.colStats.temperature_max.min": "47.98",
        "spark.sql.statistics.colStats.wind_gust_direction_avg.createdBy": "root",
        "spark.sql.statistics.colStats.humidity_relative_max.version": "2",
        "spark.sql.statistics.colStats.temperature_wind_chill_max.createdAt": "1755184055410",
        "spark.sql.statistics.colStats.wind_gust_avg.max": "39.0",
        "spark.sql.statistics.colStats.temperature_realfeel_max.max": "120.49",
        "spark.sql.statistics.colStats.phrase_long.createdBy": "root",
        "spark.sql.statistics.colStats.phrase_long.avgLen": "36",
        "spark.sql.statistics.colStats.wind_direction_avg.min": "1.0",
        "spark.sql.statistics.colStats.humidity_relative_max.max": "100.0",
        "spark.sql.statistics.colStats.temperature_realfeel_avg.max": "111.84",
        "spark.sql.statistics.colStats.temperature_max.rowCount": "1500",
        "spark.sql.statistics.colStats.degree_days_heating.nullCount": "0",
        "spark.sql.statistics.colStats.precipitation_type_desc_predominant.createdBy": "root",
        "spark.sql.statistics.colStats.temperature_heat_index_avg.max": "116.39",
        "spark.sql.statistics.colStats.temperature_realfeel_min.max": "102.79",
        "spark.sql.statistics.colStats.snow_lwe_total.nullCount": "0",
        "spark.sql.statistics.colStats.wind_speed_max.maxLen": "8",
        "spark.sql.statistics.colStats.temperature_wind_chill_max.version": "2",
        "spark.sql.statistics.totalSize": "251095",
        "spark.sql.statistics.colStats.humidity_relative_min.nullCount": "0",
        "spark.sql.statistics.colStats.snow_lwe_total.avgLen": "8",
        "spark.sql.statistics.colStats.humidity_relative_min.min": "2.76",
        "spark.sql.statistics.colStats.minutes_of_precipitation_total.max": "720",
        "spark.sql.statistics.colStats.has_rain.nullCount": "0",
        "spark.sql.statistics.colStats.wind_gust_max.version": "2",
        "spark.sql.statistics.colStats.longitude.nullCount": "0",
        "spark.sql.statistics.createdAt": "1755184055410",
        "spark.sql.statistics.colStats.city_name.maxLen": "12",
        "spark.sql.statistics.colStats.temperature_dew_point_min.max": "81.7",
        "spark.sql.statistics.colStats.temperature_realfeel_shade_min.rowCount": "1500",
        "spark.sql.statistics.colStats.ice_lwe_total.rowCount": "1500",
        "spark.sql.statistics.colStats.rain_lwe_total.createdAt": "1755184055410",
        "spark.sql.statistics.colStats.longitude.avgLen": "8",
        "spark.sql.statistics.colStats.has_snow.rowCount": "1500",
        "spark.sql.statistics.colStats.degree_days_growing.version": "2",
        "spark.sql.statistics.colStats.snow_liquid_ratio_accuweather_avg.distinctCount": "1",
        "spark.sql.statistics.colStats.minutes_of_rain_total.min": "0",
        "spark.sql.statistics.colStats.wind_gust_min.version": "2",
        "spark.sql.statistics.colStats.temperature_dew_point_max.max": "85.99",
        "spark.sql.statistics.colStats.humidity_relative_min.version": "2",
        "spark.sql.statistics.colStats.temperature_realfeel_shade_avg.maxLen": "8",
        "spark.sql.statistics.colStats.latitude.max": "64.13738",
        "spark.sql.statistics.colStats.temperature_dew_point_min.avgLen": "8",
        "spark.sql.statistics.colStats.degree_days_cooling.rowCount": "1500",
        "spark.sql.statistics.colStats.temperature_realfeel_shade_min.avgLen": "8",
        "spark.sql.statistics.colStats.city_name.rowCount": "1500",
        "spark.sql.statistics.colStats.minutes_of_sun_total.createdBy": "root",
        "spark.sql.statistics.colStats.temperature_dew_point_min.min": "-21.5",
        "spark.sql.statistics.colStats.wind_speed_avg.maxLen": "8",
        "spark.sql.statistics.colStats.temperature_realfeel_max.createdBy": "root",
        "spark.sql.statistics.colStats.temperature_realfeel_shade_avg.rowCount": "1500",
        "spark.sql.statistics.colStats.solar_irradiance_total.nullCount": "115",
        "spark.sql.statistics.colStats.date.rowCount": "1500",
        "spark.sql.statistics.colStats.humidity_relative_max.rowCount": "1500",
        "spark.sql.statistics.colStats.has_ice.min": "false",
        "spark.sql.statistics.colStats.minutes_of_ice_total.avgLen": "4",
        "spark.sql.statistics.colStats.temperature_max.distinctCount": "1161",
        "spark.sql.statistics.colStats.temperature_realfeel_shade_min.max": "100.43",
        "spark.sql.statistics.colStats.day_flag.version": "2",
        "spark.sql.statistics.colStats.degree_days_growing.createdBy": "root",
        "spark.sql.statistics.colStats.degree_days_growing.avgLen": "8",
        "spark.sql.statistics.colStats.wind_direction_avg.createdBy": "root",
        "spark.sql.statistics.colStats.latitude.avgLen": "8",
        "spark.sql.statistics.colStats.precipitation_type_desc_predominant.nullCount": "922",
        "spark.sql.statistics.colStats.index_air_quality_24hr_max.maxLen": "8",
        "spark.sql.statistics.colStats.temperature_dew_point_min.maxLen": "8",
        "spark.sql.statistics.colStats.temperature_wind_chill_max.avgLen": "8",
        "spark.sql.statistics.colStats.rain_lwe_total.rowCount": "1500",
        "spark.sql.statistics.colStats.wind_gust_direction_avg.maxLen": "8",
        "spark.sql.statistics.colStats.minutes_of_sun_total.maxLen": "4",
        "spark.sql.statistics.colStats.wind_gust_max.nullCount": "0",
        "spark.sql.statistics.colStats.snow_total.rowCount": "1500",
        "spark.sql.statistics.colStats.degree_days_freezing.nullCount": "0",
        "spark.sql.statistics.colStats.degree_days_cooling.nullCount": "0",
        "spark.sql.statistics.colStats.temperature_realfeel_avg.rowCount": "1500",
        "spark.sql.statistics.colStats.snow_liquid_ratio_accuweather_avg.avgLen": "8",
        "spark.sql.statistics.colStats.has_precipitation.min": "false",
        "spark.sql.statistics.colStats.temperature_realfeel_shade_max.max": "118.64",
        "spark.sql.statistics.colStats.index_air_quality_24hr_max.createdAt": "1755184055410",
        "spark.sql.statistics.colStats.wind_gust_direction_avg.distinctCount": "353",
        "spark.sql.statistics.colStats.temperature_wind_chill_min.avgLen": "8",
        "spark.sql.statistics.colStats.wind_gust_direction_avg.avgLen": "8",
        "spark.sql.statistics.colStats.weather_icon.nullCount": "0",
        "spark.sql.statistics.colStats.degree_days_freezing.version": "2",
        "spark.sql.statistics.colStats.wind_direction_predominant.min": "0.0",
        "spark.sql.statistics.colStats.temperature_heat_index_max.createdBy": "root",
        "spark.sql.statistics.colStats.date.createdBy": "root",
        "spark.sql.statistics.colStats.ice_probability.createdBy": "root",
        "spark.sql.statistics.colStats.minutes_of_sun_total.nullCount": "0",
        "spark.sql.statistics.colStats.snow_total.createdAt": "1755184055410",
        "spark.sql.statistics.colStats.rain_lwe_total.max": "3.944",
        "spark.sql.statistics.colStats.index_uv_avg.rowCount": "1500",
        "spark.sql.statistics.colStats.wind_speed_max.createdBy": "root",
        "spark.sql.statistics.colStats.wind_gust_max.createdAt": "1755184055410",
        "spark.sql.statistics.colStats.day_flag.nullCount": "0",
        "spark.sql.statistics.colStats.temperature_heat_index_min.avgLen": "8",
        "spark.sql.statistics.colStats.wind_speed_max.min": "1.0",
        "spark.sql.statistics.colStats.temperature_heat_index_min.createdBy": "root",
        "spark.sql.statistics.colStats.wind_gust_direction_avg.min": "1.0",
        "spark.sql.statistics.colStats.index_air_quality_24hr_max.createdBy": "root",
        "spark.sql.statistics.colStats.temperature_heat_index_min.createdAt": "1755184055410",
        "spark.sql.statistics.colStats.temperature_realfeel_shade_avg.createdBy": "root",
        "spark.sql.statistics.colStats.weather_icon.version": "2",
        "spark.sql.statistics.colStats.wind_speed_avg.createdAt": "1755184055410",
        "spark.sql.statistics.colStats.wind_gust_direction_avg.version": "2",
        "spark.sql.statistics.colStats.temperature_realfeel_min.rowCount": "1500",
        "spark.sql.statistics.colStats.degree_days_heating.version": "2",
        "spark.sql.statistics.colStats.precipitation_probability.version": "2",
        "spark.sql.statistics.colStats.snow_liquid_ratio_accuweather_avg.createdBy": "root",
        "spark.sql.statistics.colStats.temperature_realfeel_shade_avg.avgLen": "8",
        "spark.sql.statistics.colStats.wind_direction_predominant.createdAt": "1755184055410",
        "spark.sql.statistics.colStats.wind_gust_min.distinctCount": "29",
        "spark.sql.statistics.colStats.temperature_heat_index_max.version": "2",
        "spark.sql.statistics.colStats.snow_liquid_ratio_accuweather_avg.min": "0.0",
        "spark.sql.statistics.colStats.has_rain.version": "2",
        "spark.sql.statistics.colStats.temperature_realfeel_shade_min.min": "31.8",
        "spark.sql.statistics.colStats.has_precipitation.maxLen": "1",
        "spark.sql.statistics.colStats.temperature_wind_chill_avg.rowCount": "1500",
        "spark.sql.statistics.colStats.temperature_realfeel_shade_avg.max": "108.06",
        "spark.sql.statistics.colStats.snow_probability.nullCount": "0",
        "spark.sql.statistics.colStats.snow_probability.rowCount": "1500",
        "spark.sql.statistics.colStats.phrase_long.nullCount": "0",
        "spark.sql.statistics.colStats.temperature_realfeel_min.min": "32.06",
        "spark.sql.statistics.colStats.wind_gust_max.rowCount": "1500",
        "spark.sql.statistics.colStats.minutes_of_rain_total.avgLen": "4",
        "spark.sql.statistics.colStats.has_precipitation.version": "2",
        "spark.sql.statistics.colStats.minutes_of_snow_total.version": "2",
        "spark.sql.statistics.colStats.index_uv_avg.maxLen": "8",
        "spark.sql.statistics.colStats.temperature_dew_point_min.createdBy": "root",
        "spark.sql.statistics.colStats.phrase_short.createdBy": "root",
        "spark.sql.statistics.colStats.wind_gust_max.distinctCount": "1115",
        "spark.sql.statistics.colStats.phrase_long.version": "2",
        "spark.sql.statistics.colStats.day_flag.rowCount": "1500",
        "spark.sql.statistics.colStats.temperature_wind_chill_min.createdBy": "root",
        "spark.sql.statistics.colStats.rain_lwe_total.avgLen": "8",
        "spark.sql.statistics.colStats.wind_speed_max.nullCount": "0",
        "spark.sql.statistics.colStats.temperature_realfeel_min.version": "2",
        "spark.sql.statistics.colStats.snow_liquid_ratio_accuweather_avg.max": "0.0",
        "spark.sql.statistics.colStats.precipitation_probability.rowCount": "1500",
        "spark.sql.statistics.colStats.city_name.distinctCount": "50",
        "spark.sql.statistics.colStats.humidity_relative_max.createdAt": "1755184055410",
        "spark.sql.statistics.colStats.wind_speed_min.min": "0.0",
        "spark.sql.statistics.colStats.ice_lwe_total.max": "0.0",
        "spark.sql.statistics.colStats.weather_icon.rowCount": "1500",
        "spark.sql.statistics.colStats.index_air_quality_24hr_max.version": "2",
        "spark.sql.statistics.colStats.temperature_realfeel_max.version": "2",
        "spark.sql.statistics.colStats.temperature_realfeel_shade_max.version": "2",
        "spark.sql.statistics.colStats.temperature_avg.createdAt": "1755184055410",
        "spark.sql.statistics.colStats.precipitation_type_desc_predominant.distinctCount": "1",
        "spark.sql.statistics.colStats.humidity_relative_avg.avgLen": "8",
        "spark.sql.statistics.colStats.country_code.version": "2",
        "spark.sql.statistics.colStats.longitude.maxLen": "8",
        "spark.sql.statistics.colStats.weather_icon.min": "1",
        "spark.sql.statistics.colStats.minutes_of_rain_total.max": "720",
        "spark.sql.statistics.colStats.weather_icon.avgLen": "4",
        "spark.sql.statistics.colStats.wind_speed_avg.createdBy": "root",
        "spark.sql.statistics.colStats.temperature_heat_index_max.maxLen": "8",
        "spark.sql.statistics.colStats.index_uv_avg.min": "0.0",
        "spark.sql.statistics.colStats.degree_days_growing.createdAt": "1755184055410",
        "spark.sql.statistics.colStats.snow_probability.distinctCount": "1",
        "spark.sql.statistics.colStats.ice_lwe_total.avgLen": "8",
        "spark.sql.statistics.colStats.temperature_realfeel_shade_min.nullCount": "0",
        "spark.sql.statistics.colStats.has_ice.nullCount": "0",
        "spark.sql.statistics.colStats.phrase_long.distinctCount": "686",
        "spark.sql.statistics.colStats.solar_irradiance_total.avgLen": "8",
        "spark.sql.statistics.colStats.temperature_realfeel_min.createdBy": "root",
        "spark.sql.statistics.colStats.temperature_realfeel_avg.nullCount": "0",
        "spark.sql.statistics.colStats.rain_probability.min": "0",
        "spark.sql.statistics.colStats.wind_gust_avg.nullCount": "0",
        "spark.sql.statistics.colStats.minutes_of_snow_total.maxLen": "4",
        "spark.sql.statistics.colStats.wind_direction_predominant.avgLen": "8",
        "spark.sql.statistics.colStats.phrase_short.distinctCount": "461",
        "spark.sql.statistics.colStats.wind_direction_avg.maxLen": "8",
        "spark.sql.statistics.colStats.date.maxLen": "4",
        "spark.sql.statistics.colStats.degree_days_freezing.avgLen": "8",
        "spark.sql.statistics.colStats.degree_days_freezing.rowCount": "1500",
        "spark.sql.statistics.colStats.phrase_short.nullCount": "0",
        "spark.sql.statistics.colStats.longitude.createdBy": "root",
        "spark.sql.statistics.colStats.wind_direction_avg.distinctCount": "355",
        "spark.sql.statistics.colStats.temperature_max.createdAt": "1755184055410",
        "spark.sql.statistics.colStats.wind_speed_avg.distinctCount": "20",
        "spark.sql.statistics.colStats.has_precipitation.distinctCount": "2",
        "spark.sql.statistics.colStats.temperature_realfeel_avg.createdBy": "root",
        "spark.sql.statistics.colStats.temperature_avg.maxLen": "8",
        "spark.sql.statistics.colStats.humidity_relative_max.createdBy": "root",
        "spark.sql.statistics.colStats.has_snow.max": "false",
        "spark.sql.statistics.colStats.temperature_max.createdBy": "root",
        "spark.sql.statistics.colStats.humidity_relative_avg.distinctCount": "1292",
        "spark.sql.statistics.colStats.degree_days_growing.rowCount": "1500",
        "spark.sql.statistics.colStats.temperature_min.nullCount": "0",
        "spark.sql.statistics.colStats.temperature_realfeel_avg.min": "38.75",
        "spark.sql.statistics.colStats.minutes_of_rain_total.distinctCount": "21",
        "spark.sql.statistics.colStats.temperature_heat_index_avg.nullCount": "0",
        "spark.sql.statistics.colStats.temperature_realfeel_shade_max.nullCount": "0",
        "spark.sql.statistics.colStats.temperature_heat_index_avg.rowCount": "1500",
        "spark.sql.statistics.colStats.day_flag.createdBy": "root",
        "spark.sql.statistics.colStats.precipitation_probability.min": "0",
        "spark.sql.statistics.colStats.temperature_wind_chill_min.min": "27.47",
        "spark.sql.statistics.colStats.snow_liquid_ratio_accuweather_avg.version": "2",
        "spark.sql.statistics.colStats.ice_probability.max": "0",
        "spark.sql.statistics.colStats.temperature_dew_point_min.rowCount": "1500",
        "spark.sql.statistics.colStats.rain_lwe_total.version": "2",
        "spark.sql.statistics.colStats.precipitation_type_desc_predominant.createdAt": "1755184055410",
        "spark.sql.statistics.colStats.snow_lwe_total.maxLen": "8",
        "spark.sql.statistics.colStats.wind_gust_max.max": "35.2",
        "spark.sql.statistics.colStats.temperature_wind_chill_avg.createdBy": "root",
        "spark.sql.statistics.colStats.index_uv_avg.max": "0.0",
        "spark.sql.statistics.colStats.temperature_avg.version": "2",
        "spark.sql.statistics.colStats.temperature_heat_index_max.min": "45.64",
        "spark.sql.statistics.colStats.degree_days_growing.min": "0.0",
        "spark.sql.statistics.colStats.longitude.max": "151.20885",
        "spark.sql.statistics.colStats.has_rain.max": "true",
        "spark.sql.statistics.colStats.wind_direction_avg.avgLen": "8",
        "spark.sql.statistics.colStats.snow_probability.createdBy": "root",
        "spark.sql.statistics.colStats.temperature_min.createdBy": "root",
        "spark.sql.statistics.colStats.temperature_realfeel_min.maxLen": "8",
        "spark.sql.statistics.colStats.phrase_short.createdAt": "1755184055410",
        "spark.sql.statistics.colStats.minutes_of_ice_total.createdAt": "1755184055410",
        "spark.sql.statistics.colStats.degree_days_heating.distinctCount": "274",
        "spark.sql.statistics.colStats.precipitation_lwe_total.distinctCount": "295",
        "spark.sql.statistics.colStats.temperature_dew_point_avg.maxLen": "8",
        "spark.sql.statistics.colStats.humidity_relative_min.distinctCount": "1350",
        "spark.sql.statistics.colStats.wind_gust_avg.version": "2",
        "spark.sql.statistics.colStats.minutes_of_ice_total.nullCount": "0",
        "spark.sql.statistics.colStats.temperature_min.maxLen": "8",
        "spark.sql.statistics.colStats.degree_days_growing.max": "61.43",
        "spark.sql.statistics.colStats.humidity_relative_min.maxLen": "8",
        "spark.sql.statistics.colStats.wind_gust_max.createdBy": "root",
        "spark.sql.statistics.colStats.temperature_realfeel_min.nullCount": "0",
        "spark.sql.statistics.colStats.temperature_avg.rowCount": "1500",
        "spark.sql.statistics.colStats.longitude.distinctCount": "50",
        "spark.sql.statistics.colStats.has_precipitation.max": "true",
        "spark.sql.statistics.colStats.day_flag.createdAt": "1755184055410",
        "spark.sql.statistics.colStats.degree_days_freezing.maxLen": "8",
        "spark.sql.statistics.colStats.degree_days_cooling.avgLen": "8",
        "spark.sql.statistics.colStats.precipitation_lwe_total.rowCount": "1500",
        "spark.sql.statistics.colStats.minutes_of_sun_total.rowCount": "1500",
        "spark.sql.statistics.colStats.rain_probability.avgLen": "4",
        "spark.sql.statistics.colStats.temperature_realfeel_max.rowCount": "1500",
        "spark.sql.statistics.colStats.has_precipitation.nullCount": "0",
        "spark.sql.statistics.colStats.minutes_of_sun_total.avgLen": "4",
        "spark.sql.statistics.colStats.degree_days_heating.avgLen": "8",
        "spark.sql.statistics.colStats.degree_days_cooling.createdAt": "1755184055410",
        "spark.sql.statistics.colStats.snow_lwe_total.distinctCount": "1",
        "spark.sql.statistics.colStats.snow_probability.maxLen": "4",
        "spark.sql.statistics.colStats.ice_lwe_total.maxLen": "8",
        "spark.sql.statistics.colStats.degree_days_cooling.min": "0.0",
        "spark.sql.statistics.colStats.precipitation_type_desc_predominant.maxLen": "4",
        "spark.sql.statistics.colStats.temperature_heat_index_max.createdAt": "1755184055410",
        "spark.sql.statistics.colStats.index_air_quality_24hr_max.nullCount": "0",
        "spark.sql.statistics.colStats.temperature_wind_chill_avg.distinctCount": "1257",
        "spark.sql.statistics.colStats.temperature_heat_index_min.rowCount": "1500",
        "spark.sql.statistics.colStats.latitude.version": "2",
        "spark.sql.statistics.colStats.degree_days_heating.min": "0.0",
        "spark.sql.statistics.colStats.minutes_of_ice_total.rowCount": "1500",
        "spark.sql.statistics.colStats.degree_days_heating.createdBy": "root",
        "spark.sql.statistics.colStats.minutes_of_ice_total.createdBy": "root",
        "spark.sql.statistics.colStats.has_ice.maxLen": "1",
        "spark.sql.statistics.colStats.has_snow.distinctCount": "1",
        "spark.sql.statistics.colStats.wind_direction_predominant.max": "0.0",
        "spark.sql.statistics.colStats.wind_direction_predominant.version": "2",
        "spark.sql.statistics.colStats.wind_gust_direction_avg.nullCount": "0",
        "spark.sql.statistics.colStats.rain_lwe_total.distinctCount": "295",
        "spark.sql.statistics.colStats.ice_probability.maxLen": "4",
        "spark.sql.statistics.colStats.temperature_heat_index_avg.maxLen": "8",
        "spark.sql.statistics.colStats.temperature_realfeel_shade_avg.createdAt": "1755184055410",
        "spark.sql.statistics.colStats.day_flag.avgLen": "1",
        "spark.sql.statistics.colStats.temperature_realfeel_avg.createdAt": "1755184055410",
        "spark.sql.statistics.colStats.minutes_of_precipitation_total.distinctCount": "21",
        "spark.sql.statistics.colStats.precipitation_probability.createdBy": "root",
        "spark.sql.statistics.colStats.weather_icon.maxLen": "4",
        "spark.sql.statistics.colStats.temperature_heat_index_avg.createdAt": "1755184055410",
        "spark.sql.statistics.colStats.precipitation_lwe_total.version": "2",
        "spark.sql.statistics.colStats.date.distinctCount": "15",
        "spark.sql.statistics.colStats.temperature_min.min": "30.91",
        "spark.sql.statistics.colStats.has_ice.rowCount": "1500",
        "spark.sql.statistics.colStats.ice_lwe_total.createdBy": "root",
        "spark.sql.statistics.colStats.temperature_heat_index_max.max": "124.36",
        "spark.sql.statistics.colStats.humidity_relative_avg.max": "99.11",
        "spark.sql.statistics.colStats.ice_probability.min": "0",
        "spark.sql.statistics.colStats.has_snow.nullCount": "0",
        "spark.sql.statistics.colStats.country_code.maxLen": "2",
        "spark.sql.statistics.colStats.temperature_wind_chill_avg.maxLen": "8",
        "spark.sql.statistics.colStats.solar_irradiance_total.rowCount": "1500",
        "spark.sql.statistics.colStats.temperature_max.nullCount": "0",
        "spark.sql.statistics.colStats.snow_lwe_total.min": "0.0",
        "spark.sql.statistics.colStats.phrase_short.rowCount": "1500",
        "spark.sql.statistics.colStats.temperature_min.distinctCount": "1257",
        "spark.sql.statistics.colStats.cloud_cover_perc_avg.min": "0.0",
        "spark.sql.statistics.colStats.temperature_dew_point_min.createdAt": "1755184055410",
        "spark.sql.statistics.colStats.snow_total.nullCount": "0",
        "spark.sql.statistics.colStats.snow_total.max": "0.0",
        "spark.sql.statistics.colStats.day_flag.distinctCount": "2",
        "spark.sql.statistics.colStats.temperature_realfeel_avg.maxLen": "8",
        "spark.sql.statistics.colStats.minutes_of_precipitation_total.avgLen": "4",
        "spark.sql.statistics.colStats.temperature_min.createdAt": "1755184055410",
        "spark.sql.statistics.colStats.wind_direction_avg.max": "360.0",
        "spark.sql.statistics.colStats.temperature_wind_chill_max.rowCount": "1500",
        "spark.sql.statistics.createdBy": "root",
        "spark.sql.statistics.colStats.snow_total.createdBy": "root",
        "spark.sql.statistics.colStats.temperature_heat_index_min.version": "2",
        "spark.sql.statistics.colStats.has_ice.avgLen": "1",
        "spark.sql.statistics.colStats.has_rain.min": "false",
        "spark.sql.statistics.colStats.has_ice.distinctCount": "1",
        "spark.sql.statistics.colStats.degree_days_cooling.maxLen": "8",
        "spark.sql.statistics.colStats.cloud_cover_perc_avg.rowCount": "1500",
        "spark.sql.statistics.colStats.temperature_wind_chill_avg.version": "2",
        "spark.sql.statistics.colStats.degree_days_cooling.max": "46.43",
        "spark.sql.statistics.colStats.snow_probability.max": "0",
        "spark.sql.statistics.colStats.snow_lwe_total.max": "0.0",
        "spark.sql.statistics.colStats.rain_lwe_total.createdBy": "root",
        "spark.sql.statistics.colStats.temperature_dew_point_max.createdBy": "root",
        "delta.dropFeatureTruncateHistory.retentionDuration": "0 hours",
        "spark.sql.statistics.colStats.minutes_of_rain_total.maxLen": "4",
        "spark.sql.statistics.colStats.minutes_of_snow_total.avgLen": "4",
        "spark.sql.statistics.colStats.precipitation_lwe_total.min": "0.0",
        "spark.sql.statistics.colStats.temperature_wind_chill_avg.min": "39.28",
        "spark.sql.statistics.colStats.cloud_cover_perc_avg.nullCount": "0",
        "spark.sql.statistics.colStats.cloud_cover_perc_avg.createdBy": "root",
        "spark.sql.statistics.colStats.has_precipitation.avgLen": "1",
        "spark.sql.statistics.colStats.snow_probability.version": "2",
        "spark.sql.statistics.colStats.temperature_max.max": "122.29",
        "spark.sql.statistics.colStats.precipitation_lwe_total.createdAt": "1755184055410",
        "spark.sql.statistics.colStats.temperature_avg.distinctCount": "1280",
        "spark.sql.statistics.colStats.minutes_of_rain_total.version": "2",
        "spark.sql.statistics.colStats.wind_speed_avg.rowCount": "1500",
        "spark.sql.statistics.colStats.rain_probability.nullCount": "0",
        "spark.sql.statistics.colStats.rain_probability.createdBy": "root",
        "spark.sql.statistics.colStats.ice_probability.version": "2",
        "spark.sql.statistics.colStats.temperature_heat_index_avg.createdBy": "root",
        "spark.sql.statistics.colStats.precipitation_probability.createdAt": "1755184055410",
        "spark.sql.statistics.colStats.country_code.distinctCount": "43",
        "spark.sql.statistics.colStats.degree_days_cooling.createdBy": "root",
        "spark.sql.statistics.colStats.wind_direction_predominant.maxLen": "8",
        "spark.sql.statistics.colStats.minutes_of_snow_total.rowCount": "1500",
        "spark.sql.statistics.colStats.degree_days_freezing.distinctCount": "1",
        "spark.sql.statistics.colStats.wind_gust_avg.createdAt": "1755184055410"
    },
    "extended_info": {
        "sql_path": "",
        "browse_only": false,
        "enable_predictive_optimization": false,
        "pipeline_id": "",
        "effective_predictive_optimization_flag": {}
    }
}