{
    "describe_table": {
        "table_name": "forecast_hourly_imperial",
        "catalog": "samples",
        "schema": "accuweather",
        "table_type": "MANAGED",
        "comment": "View [listing on Databricks Marketplace.](/marketplace/consumer/listings/235b45d2-d625-4c1c-90a2-68e4568dda40) \nThese datasets are a sample collection of AccuWeather's enriched and comprehensive daily, 12-hour day-night, and hourly historical weather parameters. The sample contains one month of data for the top 50 global cities. Please note that this sample dataset represents a reduced portion of the available data attributes, volume, and data types available within AccuWeather's Data Suite and is intended for exploratory purposes rather than for production.\n\nSome examples these datasets can be explored include:\n- Compare weather conditions across the top 50 global cities to identify regional patterns in temperature, precipitation, and other weather parameters.\n- Create visualizations like time series plots, heatmaps, or box plots to better understand the distribution and weather variability.\n- Explore correlations between different weather parameters within and across cities to understand how they are related.\n- Investigate temporal trends by analyzing how weather fluctuates over time.\n- Identify outliers in the data that could indicate extreme weather occurrences.\n\nWith more access to AccuWeather's Data Suite available on the Databricks Marketplace, users can leverage weather information in a number of ways which include some of the following:\n\n- **Economic Risk & Impact Analysis**: Utilize historical weather data to determine relationships on business metrics that are trained to predict potential impacts, such as supply chain disruptions, labor productivity, and transportation delays.\n- **Energy Demand Planning & Forecasting**: Inform energy supply and production forecasts for wind, solar, and hydro installations by integrating historical weather information helping to optimize resource allocation and reduce operational risks.\n- **Revenue Projections & Consumer Behavior Analysis**: Join historical weather data with past business data to create more accurate sales growth predictions, accounting for weather-driven demand.\n- **Weather-Targeted Advertising**: Craft advertising campaigns by using historical and forecast weather data to reach consumers at the most critical times, maximizing interest and increasing conversion.\n",
        "created_at": 1755342300096,
        "updated_at": 1755374094458,
        "owner": "System user",
        "columns": [
            {
                "name": "city_name",
                "type_name": "STRING",
                "type_text": "string",
                "type_json": "{\"name\":\"city_name\",\"type\":\"string\",\"nullable\":true,\"metadata\":{}}",
                "type_precision": 0,
                "type_scale": 0,
                "nullable": true,
                "position": 0,
                "comment": "",
                "partition_index": null,
                "type_interval_type": null
            },
            {
                "name": "country_code",
                "type_name": "STRING",
                "type_text": "string",
                "type_json": "{\"name\":\"country_code\",\"type\":\"string\",\"nullable\":true,\"metadata\":{}}",
                "type_precision": 0,
                "type_scale": 0,
                "nullable": true,
                "position": 1,
                "comment": "",
                "partition_index": null,
                "type_interval_type": null
            },
            {
                "name": "latitude",
                "type_name": "DOUBLE",
                "type_text": "double",
                "type_json": "{\"name\":\"latitude\",\"type\":\"double\",\"nullable\":true,\"metadata\":{}}",
                "type_precision": 0,
                "type_scale": 0,
                "nullable": true,
                "position": 2,
                "comment": "",
                "partition_index": null,
                "type_interval_type": null
            },
            {
                "name": "longitude",
                "type_name": "DOUBLE",
                "type_text": "double",
                "type_json": "{\"name\":\"longitude\",\"type\":\"double\",\"nullable\":true,\"metadata\":{}}",
                "type_precision": 0,
                "type_scale": 0,
                "nullable": true,
                "position": 3,
                "comment": "",
                "partition_index": null,
                "type_interval_type": null
            },
            {
                "name": "datetime_valid_local",
                "type_name": "TIMESTAMP",
                "type_text": "timestamp",
                "type_json": "{\"name\":\"datetime_valid_local\",\"type\":\"timestamp\",\"nullable\":true,\"metadata\":{}}",
                "type_precision": 0,
                "type_scale": 0,
                "nullable": true,
                "position": 4,
                "comment": "",
                "partition_index": null,
                "type_interval_type": null
            },
            {
                "name": "gmt_offset",
                "type_name": "DOUBLE",
                "type_text": "double",
                "type_json": "{\"name\":\"gmt_offset\",\"type\":\"double\",\"nullable\":true,\"metadata\":{}}",
                "type_precision": 0,
                "type_scale": 0,
                "nullable": true,
                "position": 5,
                "comment": "",
                "partition_index": null,
                "type_interval_type": null
            },
            {
                "name": "cloud_base_height",
                "type_name": "INT",
                "type_text": "int",
                "type_json": "{\"name\":\"cloud_base_height\",\"type\":\"integer\",\"nullable\":true,\"metadata\":{}}",
                "type_precision": 0,
                "type_scale": 0,
                "nullable": true,
                "position": 6,
                "comment": "",
                "partition_index": null,
                "type_interval_type": null
            },
            {
                "name": "cloud_cover_perc_total",
                "type_name": "DOUBLE",
                "type_text": "double",
                "type_json": "{\"name\":\"cloud_cover_perc_total\",\"type\":\"double\",\"nullable\":true,\"metadata\":{}}",
                "type_precision": 0,
                "type_scale": 0,
                "nullable": true,
                "position": 7,
                "comment": "",
                "partition_index": null,
                "type_interval_type": null
            },
            {
                "name": "humidity_relative",
                "type_name": "DOUBLE",
                "type_text": "double",
                "type_json": "{\"name\":\"humidity_relative\",\"type\":\"double\",\"nullable\":true,\"metadata\":{}}",
                "type_precision": 0,
                "type_scale": 0,
                "nullable": true,
                "position": 8,
                "comment": "",
                "partition_index": null,
                "type_interval_type": null
            },
            {
                "name": "index_uv",
                "type_name": "DOUBLE",
                "type_text": "double",
                "type_json": "{\"name\":\"index_uv\",\"type\":\"double\",\"nullable\":true,\"metadata\":{}}",
                "type_precision": 0,
                "type_scale": 0,
                "nullable": true,
                "position": 9,
                "comment": "",
                "partition_index": null,
                "type_interval_type": null
            },
            {
                "name": "has_ice",
                "type_name": "BOOLEAN",
                "type_text": "boolean",
                "type_json": "{\"name\":\"has_ice\",\"type\":\"boolean\",\"nullable\":true,\"metadata\":{}}",
                "type_precision": 0,
                "type_scale": 0,
                "nullable": true,
                "position": 10,
                "comment": "",
                "partition_index": null,
                "type_interval_type": null
            },
            {
                "name": "ice_lwe",
                "type_name": "DOUBLE",
                "type_text": "double",
                "type_json": "{\"name\":\"ice_lwe\",\"type\":\"double\",\"nullable\":true,\"metadata\":{}}",
                "type_precision": 0,
                "type_scale": 0,
                "nullable": true,
                "position": 11,
                "comment": "",
                "partition_index": null,
                "type_interval_type": null
            },
            {
                "name": "ice_probability",
                "type_name": "INT",
                "type_text": "int",
                "type_json": "{\"name\":\"ice_probability\",\"type\":\"integer\",\"nullable\":true,\"metadata\":{}}",
                "type_precision": 0,
                "type_scale": 0,
                "nullable": true,
                "position": 12,
                "comment": "",
                "partition_index": null,
                "type_interval_type": null
            },
            {
                "name": "minutes_of_sun",
                "type_name": "INT",
                "type_text": "int",
                "type_json": "{\"name\":\"minutes_of_sun\",\"type\":\"integer\",\"nullable\":true,\"metadata\":{}}",
                "type_precision": 0,
                "type_scale": 0,
                "nullable": true,
                "position": 13,
                "comment": "",
                "partition_index": null,
                "type_interval_type": null
            },
            {
                "name": "has_precipitation",
                "type_name": "BOOLEAN",
                "type_text": "boolean",
                "type_json": "{\"name\":\"has_precipitation\",\"type\":\"boolean\",\"nullable\":true,\"metadata\":{}}",
                "type_precision": 0,
                "type_scale": 0,
                "nullable": true,
                "position": 14,
                "comment": "",
                "partition_index": null,
                "type_interval_type": null
            },
            {
                "name": "precipitation_lwe",
                "type_name": "DOUBLE",
                "type_text": "double",
                "type_json": "{\"name\":\"precipitation_lwe\",\"type\":\"double\",\"nullable\":true,\"metadata\":{}}",
                "type_precision": 0,
                "type_scale": 0,
                "nullable": true,
                "position": 15,
                "comment": "",
                "partition_index": null,
                "type_interval_type": null
            },
            {
                "name": "precipitation_probability",
                "type_name": "INT",
                "type_text": "int",
                "type_json": "{\"name\":\"precipitation_probability\",\"type\":\"integer\",\"nullable\":true,\"metadata\":{}}",
                "type_precision": 0,
                "type_scale": 0,
                "nullable": true,
                "position": 16,
                "comment": "",
                "partition_index": null,
                "type_interval_type": null
            },
            {
                "name": "precipitation_type_desc",
                "type_name": "STRING",
                "type_text": "string",
                "type_json": "{\"name\":\"precipitation_type_desc\",\"type\":\"string\",\"nullable\":true,\"metadata\":{}}",
                "type_precision": 0,
                "type_scale": 0,
                "nullable": true,
                "position": 17,
                "comment": "",
                "partition_index": null,
                "type_interval_type": null
            },
            {
                "name": "has_rain",
                "type_name": "BOOLEAN",
                "type_text": "boolean",
                "type_json": "{\"name\":\"has_rain\",\"type\":\"boolean\",\"nullable\":true,\"metadata\":{}}",
                "type_precision": 0,
                "type_scale": 0,
                "nullable": true,
                "position": 18,
                "comment": "",
                "partition_index": null,
                "type_interval_type": null
            },
            {
                "name": "rain_lwe",
                "type_name": "DOUBLE",
                "type_text": "double",
                "type_json": "{\"name\":\"rain_lwe\",\"type\":\"double\",\"nullable\":true,\"metadata\":{}}",
                "type_precision": 0,
                "type_scale": 0,
                "nullable": true,
                "position": 19,
                "comment": "",
                "partition_index": null,
                "type_interval_type": null
            },
            {
                "name": "rain_probability",
                "type_name": "INT",
                "type_text": "int",
                "type_json": "{\"name\":\"rain_probability\",\"type\":\"integer\",\"nullable\":true,\"metadata\":{}}",
                "type_precision": 0,
                "type_scale": 0,
                "nullable": true,
                "position": 20,
                "comment": "",
                "partition_index": null,
                "type_interval_type": null
            },
            {
                "name": "snow_liquid_ratio_accuweather",
                "type_name": "DOUBLE",
                "type_text": "double",
                "type_json": "{\"name\":\"snow_liquid_ratio_accuweather\",\"type\":\"double\",\"nullable\":true,\"metadata\":{}}",
                "type_precision": 0,
                "type_scale": 0,
                "nullable": true,
                "position": 21,
                "comment": "",
                "partition_index": null,
                "type_interval_type": null
            },
            {
                "name": "has_snow",
                "type_name": "BOOLEAN",
                "type_text": "boolean",
                "type_json": "{\"name\":\"has_snow\",\"type\":\"boolean\",\"nullable\":true,\"metadata\":{}}",
                "type_precision": 0,
                "type_scale": 0,
                "nullable": true,
                "position": 22,
                "comment": "",
                "partition_index": null,
                "type_interval_type": null
            },
            {
                "name": "snow",
                "type_name": "DOUBLE",
                "type_text": "double",
                "type_json": "{\"name\":\"snow\",\"type\":\"double\",\"nullable\":true,\"metadata\":{}}",
                "type_precision": 0,
                "type_scale": 0,
                "nullable": true,
                "position": 23,
                "comment": "",
                "partition_index": null,
                "type_interval_type": null
            },
            {
                "name": "snow_lwe",
                "type_name": "DOUBLE",
                "type_text": "double",
                "type_json": "{\"name\":\"snow_lwe\",\"type\":\"double\",\"nullable\":true,\"metadata\":{}}",
                "type_precision": 0,
                "type_scale": 0,
                "nullable": true,
                "position": 24,
                "comment": "",
                "partition_index": null,
                "type_interval_type": null
            },
            {
                "name": "snow_probability",
                "type_name": "INT",
                "type_text": "int",
                "type_json": "{\"name\":\"snow_probability\",\"type\":\"integer\",\"nullable\":true,\"metadata\":{}}",
                "type_precision": 0,
                "type_scale": 0,
                "nullable": true,
                "position": 25,
                "comment": "",
                "partition_index": null,
                "type_interval_type": null
            },
            {
                "name": "solar_irradiance",
                "type_name": "DOUBLE",
                "type_text": "double",
                "type_json": "{\"name\":\"solar_irradiance\",\"type\":\"double\",\"nullable\":true,\"metadata\":{}}",
                "type_precision": 0,
                "type_scale": 0,
                "nullable": true,
                "position": 26,
                "comment": "",
                "partition_index": null,
                "type_interval_type": null
            },
            {
                "name": "temperature",
                "type_name": "DOUBLE",
                "type_text": "double",
                "type_json": "{\"name\":\"temperature\",\"type\":\"double\",\"nullable\":true,\"metadata\":{}}",
                "type_precision": 0,
                "type_scale": 0,
                "nullable": true,
                "position": 27,
                "comment": "",
                "partition_index": null,
                "type_interval_type": null
            },
            {
                "name": "temperature_dew_point",
                "type_name": "DOUBLE",
                "type_text": "double",
                "type_json": "{\"name\":\"temperature_dew_point\",\"type\":\"double\",\"nullable\":true,\"metadata\":{}}",
                "type_precision": 0,
                "type_scale": 0,
                "nullable": true,
                "position": 28,
                "comment": "",
                "partition_index": null,
                "type_interval_type": null
            },
            {
                "name": "temperature_heat_index",
                "type_name": "DOUBLE",
                "type_text": "double",
                "type_json": "{\"name\":\"temperature_heat_index\",\"type\":\"double\",\"nullable\":true,\"metadata\":{}}",
                "type_precision": 0,
                "type_scale": 0,
                "nullable": true,
                "position": 29,
                "comment": "",
                "partition_index": null,
                "type_interval_type": null
            },
            {
                "name": "temperature_realfeel",
                "type_name": "DOUBLE",
                "type_text": "double",
                "type_json": "{\"name\":\"temperature_realfeel\",\"type\":\"double\",\"nullable\":true,\"metadata\":{}}",
                "type_precision": 0,
                "type_scale": 0,
                "nullable": true,
                "position": 30,
                "comment": "",
                "partition_index": null,
                "type_interval_type": null
            },
            {
                "name": "temperature_realfeel_shade",
                "type_name": "DOUBLE",
                "type_text": "double",
                "type_json": "{\"name\":\"temperature_realfeel_shade\",\"type\":\"double\",\"nullable\":true,\"metadata\":{}}",
                "type_precision": 0,
                "type_scale": 0,
                "nullable": true,
                "position": 31,
                "comment": "",
                "partition_index": null,
                "type_interval_type": null
            },
            {
                "name": "temperature_wind_chill",
                "type_name": "DOUBLE",
                "type_text": "double",
                "type_json": "{\"name\":\"temperature_wind_chill\",\"type\":\"double\",\"nullable\":true,\"metadata\":{}}",
                "type_precision": 0,
                "type_scale": 0,
                "nullable": true,
                "position": 32,
                "comment": "",
                "partition_index": null,
                "type_interval_type": null
            },
            {
                "name": "thunderstorm_probability",
                "type_name": "INT",
                "type_text": "int",
                "type_json": "{\"name\":\"thunderstorm_probability\",\"type\":\"integer\",\"nullable\":true,\"metadata\":{}}",
                "type_precision": 0,
                "type_scale": 0,
                "nullable": true,
                "position": 33,
                "comment": "",
                "partition_index": null,
                "type_interval_type": null
            },
            {
                "name": "visibility",
                "type_name": "DOUBLE",
                "type_text": "double",
                "type_json": "{\"name\":\"visibility\",\"type\":\"double\",\"nullable\":true,\"metadata\":{}}",
                "type_precision": 0,
                "type_scale": 0,
                "nullable": true,
                "position": 34,
                "comment": "",
                "partition_index": null,
                "type_interval_type": null
            },
            {
                "name": "weather_code",
                "type_name": "INT",
                "type_text": "int",
                "type_json": "{\"name\":\"weather_code\",\"type\":\"integer\",\"nullable\":true,\"metadata\":{}}",
                "type_precision": 0,
                "type_scale": 0,
                "nullable": true,
                "position": 35,
                "comment": "",
                "partition_index": null,
                "type_interval_type": null
            },
            {
                "name": "wind_direction",
                "type_name": "DOUBLE",
                "type_text": "double",
                "type_json": "{\"name\":\"wind_direction\",\"type\":\"double\",\"nullable\":true,\"metadata\":{}}",
                "type_precision": 0,
                "type_scale": 0,
                "nullable": true,
                "position": 36,
                "comment": "",
                "partition_index": null,
                "type_interval_type": null
            },
            {
                "name": "wind_gust",
                "type_name": "DOUBLE",
                "type_text": "double",
                "type_json": "{\"name\":\"wind_gust\",\"type\":\"double\",\"nullable\":true,\"metadata\":{}}",
                "type_precision": 0,
                "type_scale": 0,
                "nullable": true,
                "position": 37,
                "comment": "",
                "partition_index": null,
                "type_interval_type": null
            },
            {
                "name": "wind_speed",
                "type_name": "DOUBLE",
                "type_text": "double",
                "type_json": "{\"name\":\"wind_speed\",\"type\":\"double\",\"nullable\":true,\"metadata\":{}}",
                "type_precision": 0,
                "type_scale": 0,
                "nullable": true,
                "position": 38,
                "comment": "",
                "partition_index": null,
                "type_interval_type": null
            }
        ]
    },
    "describe_detail": {
        "location": "s3://system-tables-prod-us-east-2-uc-metastore-bucket/metastore/b622f329-0f39-444f-9dbb-5733ba3e2021/tables/b07e5c5c-0928-4a3f-a24b-1f51a89b8186",
        "provider": "DELTA",
        "table_id": "4e8cca66-adf3-4c55-9027-e9672b6e3e68",
        "metastore_id": "851f9499-ddfc-40a9-9bac-1fe4f4ca22ed",
        "full_name": "samples.accuweather.forecast_hourly_imperial",
        "detail_info": {}
    },
    "table_properties": {
        "spark.sql.statistics.colStats.thunderstorm_probability.version": "2",
        "spark.sql.statistics.colStats.precipitation_probability.max": "90",
        "spark.sql.statistics.colStats.cloud_base_height.version": "2",
        "spark.sql.statistics.colStats.visibility.nullCount": "0",
        "spark.sql.statistics.colStats.index_uv.nullCount": "0",
        "spark.sql.statistics.colStats.country_code.createdBy": "root",
        "spark.sql.statistics.colStats.country_code.createdAt": "1755184184274",
        "spark.sql.statistics.colStats.has_snow.maxLen": "1",
        "delta.lastCommitTimestamp": "1755184185000",
        "spark.sql.statistics.colStats.visibility.version": "2",
        "spark.sql.statistics.colStats.has_ice.max": "false",
        "spark.sql.statistics.colStats.visibility.maxLen": "8",
        "spark.sql.statistics.colStats.precipitation_type_desc.nullCount": "6137",
        "spark.sql.statistics.colStats.cloud_cover_perc_total.min": "0.0",
        "spark.sql.statistics.colStats.wind_gust.createdAt": "1755184184274",
        "spark.sql.statistics.colStats.visibility.distinctCount": "233",
        "spark.sql.statistics.colStats.has_rain.rowCount": "6850",
        "spark.sql.statistics.colStats.temperature_realfeel_shade.avgLen": "8",
        "spark.sql.statistics.colStats.ice_lwe.createdBy": "root",
        "spark.sql.statistics.colStats.ice_lwe.distinctCount": "1",
        "spark.sql.statistics.colStats.snow_lwe.distinctCount": "1",
        "spark.sql.statistics.colStats.has_rain.avgLen": "1",
        "spark.sql.statistics.colStats.latitude.maxLen": "8",
        "spark.sql.statistics.colStats.wind_direction.max": "360.0",
        "spark.sql.statistics.colStats.city_name.version": "2",
        "spark.sql.statistics.version": "2",
        "spark.sql.statistics.colStats.temperature_dew_point.createdBy": "root",
        "spark.sql.statistics.colStats.ice_probability.createdAt": "1755184184274",
        "spark.sql.statistics.colStats.cloud_cover_perc_total.createdBy": "root",
        "spark.sql.statistics.colStats.solar_irradiance.createdAt": "1755184184274",
        "spark.sql.statistics.colStats.temperature_realfeel_shade.rowCount": "6850",
        "spark.sql.statistics.colStats.city_name.avgLen": "8",
        "spark.sql.statistics.colStats.ice_lwe.nullCount": "0",
        "spark.sql.statistics.colStats.gmt_offset.avgLen": "8",
        "spark.sql.statistics.colStats.thunderstorm_probability.min": "0",
        "spark.sql.statistics.colStats.temperature_wind_chill.createdBy": "root",
        "spark.sql.statistics.colStats.cloud_base_height.createdAt": "1755184184274",
        "delta.lastUpdateVersion": "425",
        "spark.sql.statistics.colStats.cloud_cover_perc_total.createdAt": "1755184184274",
        "spark.sql.statistics.colStats.wind_speed.maxLen": "8",
        "spark.sql.statistics.colStats.city_name.createdBy": "root",
        "delta.minWriterVersion": "1",
        "spark.sql.statistics.colStats.weather_code.rowCount": "6850",
        "spark.sql.statistics.colStats.precipitation_probability.distinctCount": "87",
        "spark.sql.statistics.colStats.minutes_of_sun.createdBy": "root",
        "spark.sql.statistics.colStats.rain_lwe.createdAt": "1755184184274",
        "spark.sql.statistics.colStats.snow_probability.createdAt": "1755184184274",
        "spark.sql.statistics.colStats.temperature_heat_index.createdAt": "1755184184274",
        "spark.sql.statistics.colStats.cloud_cover_perc_total.version": "2",
        "spark.sql.statistics.colStats.temperature_dew_point.rowCount": "6850",
        "spark.sql.statistics.colStats.temperature_realfeel_shade.nullCount": "0",
        "spark.sql.statistics.colStats.has_precipitation.createdAt": "1755184184274",
        "spark.sql.statistics.colStats.rain_probability.createdAt": "1755184184274",
        "spark.sql.statistics.colStats.snow_liquid_ratio_accuweather.min": "0.0",
        "spark.sql.statistics.colStats.rain_lwe.version": "2",
        "spark.sql.statistics.colStats.snow_probability.min": "0",
        "spark.sql.statistics.colStats.temperature_dew_point.maxLen": "8",
        "spark.sql.statistics.colStats.weather_code.avgLen": "4",
        "spark.sql.statistics.colStats.snow.version": "2",
        "spark.sql.statistics.auxiliaryInfo": "{\"source\":\"AUTO_STATS\"}",
        "spark.sql.statistics.colStats.city_name.nullCount": "0",
        "spark.sql.statistics.colStats.ice_probability.nullCount": "0",
        "spark.sql.statistics.colStats.rain_probability.maxLen": "4",
        "spark.sql.statistics.colStats.index_uv.distinctCount": "15",
        "spark.sql.statistics.colStats.temperature_wind_chill.avgLen": "8",
        "spark.sql.statistics.colStats.rain_lwe.distinctCount": "192",
        "spark.sql.statistics.colStats.snow_probability.avgLen": "4",
        "spark.sql.statistics.colStats.minutes_of_sun.distinctCount": "60",
        "spark.sql.statistics.colStats.snow.min": "0.0",
        "spark.sql.statistics.colStats.solar_irradiance.distinctCount": "2610",
        "spark.sql.statistics.colStats.index_uv.rowCount": "6850",
        "spark.sql.statistics.colStats.thunderstorm_probability.max": "77",
        "spark.sql.statistics.colStats.precipitation_lwe.rowCount": "6850",
        "spark.sql.statistics.colStats.temperature_wind_chill.createdAt": "1755184184274",
        "spark.sql.statistics.colStats.thunderstorm_probability.distinctCount": "57",
        "spark.sql.statistics.colStats.snow_lwe.version": "2",
        "spark.sql.statistics.colStats.snow_liquid_ratio_accuweather.createdAt": "1755184184274",
        "spark.sql.statistics.colStats.wind_direction.createdBy": "root",
        "spark.sql.statistics.colStats.temperature_heat_index.avgLen": "8",
        "spark.sql.statistics.colStats.longitude.version": "2",
        "spark.sql.statistics.colStats.has_snow.version": "2",
        "spark.sql.statistics.colStats.wind_gust.nullCount": "0",
        "spark.sql.statistics.colStats.cloud_cover_perc_total.maxLen": "8",
        "spark.sql.statistics.colStats.country_code.avgLen": "2",
        "spark.sql.statistics.colStats.temperature.min": "30.77",
        "spark.sql.statistics.colStats.solar_irradiance.rowCount": "6850",
        "spark.sql.statistics.colStats.wind_gust.distinctCount": "41",
        "spark.sql.statistics.colStats.snow_liquid_ratio_accuweather.maxLen": "8",
        "spark.sql.statistics.colStats.has_ice.version": "2",
        "spark.sql.statistics.colStats.rain_probability.max": "90",
        "spark.sql.statistics.numRows": "6850",
        "spark.sql.statistics.colStats.temperature_realfeel_shade.min": "31.8",
        "spark.sql.statistics.colStats.longitude.min": "-157.84536",
        "spark.sql.statistics.colStats.thunderstorm_probability.maxLen": "4",
        "spark.sql.statistics.colStats.longitude.rowCount": "6850",
        "spark.sql.statistics.colStats.has_precipitation.rowCount": "6850",
        "spark.sql.statistics.colStats.temperature_wind_chill.version": "2",
        "spark.sql.statistics.colStats.has_ice.createdAt": "1755184184274",
        "spark.sql.statistics.colStats.snow.createdAt": "1755184184274",
        "spark.sql.statistics.colStats.temperature_dew_point.min": "27.8",
        "spark.sql.statistics.colStats.snow_lwe.min": "0.0",
        "spark.sql.statistics.colStats.temperature_realfeel_shade.max": "120.33",
        "spark.sql.statistics.colStats.wind_speed.avgLen": "8",
        "spark.sql.statistics.colStats.datetime_valid_local.nullCount": "0",
        "spark.sql.statistics.colStats.cloud_base_height.createdBy": "root",
        "spark.sql.statistics.colStats.has_snow.createdBy": "root",
        "spark.sql.statistics.colStats.visibility.avgLen": "8",
        "spark.sql.statistics.colStats.wind_gust.version": "2",
        "spark.sql.statistics.colStats.minutes_of_sun.createdAt": "1755184184274",
        "spark.sql.statistics.colStats.ice_lwe.rowCount": "6850",
        "spark.sql.statistics.colStats.country_code.nullCount": "0",
        "spark.sql.statistics.colStats.gmt_offset.maxLen": "8",
        "spark.sql.statistics.colStats.latitude.createdAt": "1755184184274",
        "spark.sql.statistics.colStats.has_snow.min": "false",
        "spark.sql.statistics.colStats.snow.distinctCount": "1",
        "spark.sql.statistics.colStats.snow.rowCount": "6850",
        "spark.sql.statistics.colStats.has_rain.createdBy": "root",
        "spark.sql.statistics.colStats.precipitation_probability.maxLen": "4",
        "spark.sql.statistics.colStats.temperature_heat_index.maxLen": "8",
        "spark.sql.statistics.colStats.rain_lwe.createdBy": "root",
        "spark.sql.statistics.colStats.humidity_relative.distinctCount": "92",
        "spark.sql.statistics.colStats.gmt_offset.min": "-10.0",
        "spark.sql.statistics.colStats.temperature_heat_index.version": "2",
        "spark.sql.statistics.colStats.precipitation_lwe.version": "2",
        "spark.sql.statistics.colStats.solar_irradiance.avgLen": "8",
        "spark.sql.statistics.colStats.latitude.createdBy": "root",
        "spark.sql.statistics.colStats.wind_speed.nullCount": "0",
        "spark.sql.statistics.colStats.city_name.createdAt": "1755184184274",
        "spark.sql.statistics.colStats.longitude.createdAt": "1755184184274",
        "spark.sql.statistics.colStats.ice_probability.distinctCount": "3",
        "spark.sql.statistics.colStats.has_rain.distinctCount": "2",
        "spark.sql.statistics.colStats.temperature_heat_index.min": "27.86",
        "spark.sql.statistics.colStats.temperature_realfeel.maxLen": "8",
        "spark.sql.statistics.colStats.ice_probability.rowCount": "6850",
        "spark.sql.statistics.colStats.precipitation_probability.nullCount": "0",
        "spark.sql.statistics.colStats.ice_probability.avgLen": "4",
        "spark.sql.statistics.colStats.has_precipitation.createdBy": "root",
        "spark.sql.statistics.colStats.rain_probability.version": "2",
        "spark.sql.statistics.colStats.index_uv.max": "14.0",
        "spark.sql.statistics.colStats.precipitation_type_desc.avgLen": "4",
        "spark.sql.statistics.colStats.rain_probability.rowCount": "6850",
        "delta.enableDeletionVectors": "false",
        "spark.sql.statistics.colStats.wind_speed.distinctCount": "28",
        "spark.sql.statistics.colStats.temperature_realfeel.distinctCount": "3967",
        "spark.sql.statistics.colStats.ice_lwe.version": "2",
        "spark.sql.statistics.colStats.rain_probability.distinctCount": "88",
        "spark.sql.statistics.colStats.ice_lwe.maxLen": "8",
        "spark.sql.statistics.colStats.snow_lwe.avgLen": "8",
        "spark.sql.statistics.colStats.cloud_cover_perc_total.rowCount": "6850",
        "spark.sql.statistics.colStats.latitude.min": "-34.60757",
        "spark.sql.statistics.colStats.solar_irradiance.nullCount": "0",
        "spark.sql.statistics.colStats.wind_speed.createdBy": "root",
        "spark.sql.statistics.colStats.snow.maxLen": "8",
        "spark.sql.statistics.colStats.thunderstorm_probability.createdAt": "1755184184274",
        "spark.sql.statistics.colStats.humidity_relative.nullCount": "0",
        "spark.sql.statistics.colStats.humidity_relative.version": "2",
        "spark.sql.statistics.colStats.solar_irradiance.version": "2",
        "delta.minReaderVersion": "1",
        "view.query.out.numCols": "39",
        "spark.sql.statistics.colStats.country_code.rowCount": "6850",
        "spark.sql.statistics.colStats.wind_direction.min": "0.0",
        "spark.sql.statistics.colStats.has_snow.createdAt": "1755184184274",
        "spark.sql.statistics.colStats.rain_lwe.avgLen": "8",
        "spark.sql.statistics.colStats.humidity_relative.createdAt": "1755184184274",
        "spark.sql.statistics.colStats.thunderstorm_probability.nullCount": "0",
        "spark.sql.statistics.colStats.temperature_realfeel_shade.distinctCount": "4033",
        "spark.sql.statistics.colStats.precipitation_type_desc.createdBy": "root",
        "spark.sql.statistics.colStats.thunderstorm_probability.avgLen": "4",
        "spark.sql.statistics.colStats.gmt_offset.nullCount": "0",
        "spark.sql.statistics.colStats.precipitation_probability.avgLen": "4",
        "spark.sql.statistics.colStats.temperature_wind_chill.rowCount": "6850",
        "spark.sql.statistics.colStats.temperature_realfeel.nullCount": "0",
        "spark.sql.statistics.colStats.has_rain.maxLen": "1",
        "spark.sql.statistics.colStats.snow_liquid_ratio_accuweather.max": "0.0",
        "spark.sql.statistics.colStats.humidity_relative.min": "6.0",
        "spark.sql.statistics.colStats.temperature_realfeel.rowCount": "6850",
        "spark.sql.statistics.colStats.cloud_base_height.distinctCount": "180",
        "spark.sql.statistics.colStats.cloud_base_height.nullCount": "0",
        "spark.sql.statistics.colStats.has_ice.createdBy": "root",
        "spark.sql.statistics.colStats.minutes_of_sun.version": "2",
        "spark.sql.statistics.colStats.temperature_dew_point.nullCount": "0",
        "spark.sql.statistics.colStats.temperature_wind_chill.max": "123.67",
        "spark.sql.statistics.colStats.index_uv.createdBy": "root",
        "spark.sql.statistics.colStats.latitude.rowCount": "6850",
        "spark.sql.statistics.colStats.datetime_valid_local.max": "2024-07-16 23:00:00.000000",
        "spark.sql.statistics.colStats.precipitation_type_desc.distinctCount": "1",
        "spark.sql.statistics.colStats.visibility.min": "0.25",
        "spark.sql.statistics.colStats.has_snow.avgLen": "1",
        "spark.sql.statistics.colStats.latitude.nullCount": "0",
        "spark.sql.statistics.colStats.rain_lwe.max": "1.514",
        "spark.sql.statistics.colStats.latitude.distinctCount": "52",
        "spark.sql.statistics.colStats.datetime_valid_local.version": "2",
        "spark.sql.statistics.colStats.has_rain.createdAt": "1755184184274",
        "spark.sql.statistics.colStats.snow_liquid_ratio_accuweather.avgLen": "8",
        "spark.sql.statistics.colStats.temperature_realfeel_shade.createdAt": "1755184184274",
        "spark.sql.statistics.colStats.datetime_valid_local.avgLen": "8",
        "spark.sql.statistics.totalSize": "267231",
        "spark.sql.statistics.colStats.rain_lwe.nullCount": "0",
        "spark.sql.statistics.colStats.precipitation_lwe.avgLen": "8",
        "spark.sql.statistics.colStats.temperature_dew_point.avgLen": "8",
        "spark.sql.statistics.colStats.has_rain.nullCount": "0",
        "spark.sql.statistics.colStats.longitude.nullCount": "0",
        "spark.sql.statistics.createdAt": "1755184184274",
        "spark.sql.statistics.colStats.cloud_base_height.maxLen": "4",
        "spark.sql.statistics.colStats.weather_code.createdBy": "root",
        "spark.sql.statistics.colStats.city_name.maxLen": "12",
        "spark.sql.statistics.colStats.weather_code.version": "2",
        "spark.sql.statistics.colStats.datetime_valid_local.maxLen": "8",
        "spark.sql.statistics.colStats.longitude.avgLen": "8",
        "spark.sql.statistics.colStats.has_snow.rowCount": "6850",
        "spark.sql.statistics.colStats.datetime_valid_local.createdBy": "root",
        "spark.sql.statistics.colStats.thunderstorm_probability.createdBy": "root",
        "spark.sql.statistics.colStats.latitude.max": "64.13738",
        "spark.sql.statistics.colStats.wind_speed.version": "2",
        "spark.sql.statistics.colStats.city_name.rowCount": "6850",
        "spark.sql.statistics.colStats.temperature.max": "123.67",
        "spark.sql.statistics.colStats.precipitation_lwe.nullCount": "0",
        "spark.sql.statistics.colStats.wind_direction.version": "2",
        "spark.sql.statistics.colStats.wind_direction.nullCount": "0",
        "spark.sql.statistics.colStats.has_ice.min": "false",
        "spark.sql.statistics.colStats.temperature_realfeel.version": "2",
        "spark.sql.statistics.colStats.latitude.avgLen": "8",
        "spark.sql.statistics.colStats.temperature_realfeel.min": "32.06",
        "spark.sql.statistics.colStats.snow_liquid_ratio_accuweather.distinctCount": "1",
        "spark.sql.statistics.colStats.rain_lwe.maxLen": "8",
        "spark.sql.statistics.colStats.weather_code.distinctCount": "25",
        "spark.sql.statistics.colStats.wind_direction.rowCount": "6850",
        "spark.sql.statistics.colStats.has_precipitation.min": "false",
        "spark.sql.statistics.colStats.datetime_valid_local.createdAt": "1755184184274",
        "spark.sql.statistics.colStats.index_uv.avgLen": "8",
        "spark.sql.statistics.colStats.ice_probability.createdBy": "root",
        "spark.sql.statistics.colStats.visibility.max": "21.74",
        "spark.sql.statistics.colStats.temperature_wind_chill.distinctCount": "3648",
        "spark.sql.statistics.colStats.weather_code.createdAt": "1755184184274",
        "spark.sql.statistics.colStats.gmt_offset.distinctCount": "18",
        "spark.sql.statistics.colStats.datetime_valid_local.distinctCount": "137",
        "spark.sql.statistics.colStats.temperature_heat_index.rowCount": "6850",
        "spark.sql.statistics.colStats.gmt_offset.version": "2",
        "spark.sql.statistics.colStats.precipitation_lwe.distinctCount": "192",
        "spark.sql.statistics.colStats.temperature_heat_index.createdBy": "root",
        "spark.sql.statistics.colStats.temperature_realfeel.createdBy": "root",
        "spark.sql.statistics.colStats.precipitation_probability.version": "2",
        "spark.sql.statistics.colStats.temperature_realfeel.createdAt": "1755184184274",
        "spark.sql.statistics.colStats.wind_direction.maxLen": "8",
        "spark.sql.statistics.colStats.minutes_of_sun.min": "0",
        "spark.sql.statistics.colStats.has_rain.version": "2",
        "spark.sql.statistics.colStats.has_precipitation.maxLen": "1",
        "spark.sql.statistics.colStats.precipitation_type_desc.rowCount": "6850",
        "spark.sql.statistics.colStats.snow_liquid_ratio_accuweather.version": "2",
        "spark.sql.statistics.colStats.snow_probability.nullCount": "0",
        "spark.sql.statistics.colStats.snow_probability.rowCount": "6850",
        "spark.sql.statistics.colStats.temperature.maxLen": "8",
        "spark.sql.statistics.colStats.has_precipitation.version": "2",
        "spark.sql.statistics.colStats.precipitation_lwe.createdAt": "1755184184274",
        "spark.sql.statistics.colStats.cloud_cover_perc_total.avgLen": "8",
        "spark.sql.statistics.colStats.wind_speed.createdAt": "1755184184274",
        "spark.sql.statistics.colStats.snow_liquid_ratio_accuweather.rowCount": "6850",
        "spark.sql.statistics.colStats.precipitation_probability.rowCount": "6850",
        "spark.sql.statistics.colStats.city_name.distinctCount": "50",
        "spark.sql.statistics.colStats.snow_lwe.maxLen": "8",
        "spark.sql.statistics.colStats.wind_speed.rowCount": "6850",
        "spark.sql.statistics.colStats.temperature_heat_index.max": "122.41",
        "spark.sql.statistics.colStats.country_code.version": "2",
        "spark.sql.statistics.colStats.longitude.maxLen": "8",
        "spark.sql.statistics.colStats.humidity_relative.avgLen": "8",
        "spark.sql.statistics.colStats.cloud_cover_perc_total.nullCount": "0",
        "spark.sql.statistics.colStats.temperature.avgLen": "8",
        "spark.sql.statistics.colStats.index_uv.createdAt": "1755184184274",
        "spark.sql.statistics.colStats.snow_probability.distinctCount": "3",
        "spark.sql.statistics.colStats.has_ice.nullCount": "0",
        "spark.sql.statistics.colStats.precipitation_lwe.max": "1.514",
        "spark.sql.statistics.colStats.temperature_realfeel_shade.createdBy": "root",
        "spark.sql.statistics.colStats.solar_irradiance.min": "0.0",
        "spark.sql.statistics.colStats.ice_lwe.avgLen": "8",
        "spark.sql.statistics.colStats.rain_probability.min": "0",
        "spark.sql.statistics.colStats.precipitation_lwe.createdBy": "root",
        "spark.sql.statistics.colStats.precipitation_type_desc.createdAt": "1755184184274",
        "spark.sql.statistics.colStats.gmt_offset.rowCount": "6850",
        "spark.sql.statistics.colStats.gmt_offset.createdBy": "root",
        "spark.sql.statistics.colStats.wind_gust.min": "0.0",
        "spark.sql.statistics.colStats.longitude.createdBy": "root",
        "spark.sql.statistics.colStats.has_precipitation.distinctCount": "2",
        "spark.sql.statistics.colStats.has_snow.max": "false",
        "spark.sql.statistics.colStats.snow_lwe.nullCount": "0",
        "spark.sql.statistics.colStats.temperature_wind_chill.maxLen": "8",
        "spark.sql.statistics.colStats.temperature_heat_index.nullCount": "0",
        "spark.sql.statistics.colStats.index_uv.min": "0.0",
        "spark.sql.statistics.colStats.precipitation_probability.min": "0",
        "spark.sql.statistics.colStats.cloud_base_height.avgLen": "4",
        "spark.sql.statistics.colStats.snow.max": "0.0",
        "spark.sql.statistics.colStats.ice_probability.max": "16",
        "spark.sql.statistics.colStats.temperature.version": "2",
        "spark.sql.statistics.colStats.datetime_valid_local.min": "2024-07-11 07:00:00.000000",
        "spark.sql.statistics.colStats.minutes_of_sun.nullCount": "0",
        "spark.sql.statistics.colStats.snow.nullCount": "0",
        "spark.sql.statistics.colStats.solar_irradiance.maxLen": "8",
        "spark.sql.statistics.colStats.cloud_cover_perc_total.max": "100.0",
        "spark.sql.statistics.colStats.longitude.max": "151.20885",
        "spark.sql.statistics.colStats.has_rain.max": "true",
        "spark.sql.statistics.colStats.snow_probability.createdBy": "root",
        "spark.sql.statistics.colStats.rain_lwe.min": "0.0",
        "spark.sql.statistics.colStats.temperature_dew_point.distinctCount": "1940",
        "spark.sql.statistics.colStats.wind_gust.rowCount": "6850",
        "spark.sql.statistics.colStats.weather_code.min": "1",
        "spark.sql.statistics.colStats.ice_lwe.max": "0.0",
        "spark.sql.statistics.colStats.minutes_of_sun.max": "60",
        "spark.sql.statistics.colStats.temperature_realfeel.max": "124.49",
        "spark.sql.statistics.colStats.precipitation_type_desc.version": "2",
        "spark.sql.statistics.colStats.longitude.distinctCount": "50",
        "spark.sql.statistics.colStats.temperature_dew_point.max": "82.94",
        "spark.sql.statistics.colStats.has_precipitation.max": "true",
        "spark.sql.statistics.colStats.wind_speed.min": "0.0",
        "spark.sql.statistics.colStats.visibility.createdBy": "root",
        "spark.sql.statistics.colStats.wind_gust.createdBy": "root",
        "spark.sql.statistics.colStats.ice_lwe.createdAt": "1755184184274",
        "spark.sql.statistics.colStats.wind_direction.createdAt": "1755184184274",
        "spark.sql.statistics.colStats.rain_probability.avgLen": "4",
        "spark.sql.statistics.colStats.has_precipitation.nullCount": "0",
        "spark.sql.statistics.colStats.wind_gust.avgLen": "8",
        "spark.sql.statistics.colStats.weather_code.maxLen": "4",
        "spark.sql.statistics.colStats.humidity_relative.createdBy": "root",
        "spark.sql.statistics.colStats.snow_probability.maxLen": "4",
        "spark.sql.statistics.colStats.temperature_dew_point.version": "2",
        "spark.sql.statistics.colStats.visibility.rowCount": "6850",
        "spark.sql.statistics.colStats.latitude.version": "2",
        "spark.sql.statistics.colStats.gmt_offset.createdAt": "1755184184274",
        "spark.sql.statistics.colStats.weather_code.max": "42",
        "spark.sql.statistics.colStats.temperature.nullCount": "0",
        "spark.sql.statistics.colStats.has_ice.maxLen": "1",
        "spark.sql.statistics.colStats.has_snow.distinctCount": "1",
        "spark.sql.statistics.colStats.temperature.createdAt": "1755184184274",
        "spark.sql.statistics.colStats.ice_probability.maxLen": "4",
        "spark.sql.statistics.colStats.precipitation_probability.createdBy": "root",
        "spark.sql.statistics.colStats.minutes_of_sun.avgLen": "4",
        "spark.sql.statistics.colStats.snow_liquid_ratio_accuweather.nullCount": "0",
        "spark.sql.statistics.colStats.snow_lwe.rowCount": "6850",
        "spark.sql.statistics.colStats.has_ice.rowCount": "6850",
        "spark.sql.statistics.colStats.snow.avgLen": "8",
        "spark.sql.statistics.colStats.snow.createdBy": "root",
        "spark.sql.statistics.colStats.rain_lwe.rowCount": "6850",
        "spark.sql.statistics.colStats.weather_code.nullCount": "0",
        "spark.sql.statistics.colStats.ice_probability.min": "0",
        "spark.sql.statistics.colStats.has_snow.nullCount": "0",
        "spark.sql.statistics.colStats.country_code.maxLen": "2",
        "spark.sql.statistics.colStats.humidity_relative.max": "100.0",
        "spark.sql.statistics.colStats.wind_direction.distinctCount": "361",
        "spark.sql.statistics.colStats.temperature_dew_point.createdAt": "1755184184274",
        "spark.sql.statistics.colStats.gmt_offset.max": "10.0",
        "spark.sql.statistics.colStats.visibility.createdAt": "1755184184274",
        "spark.sql.statistics.colStats.minutes_of_sun.rowCount": "6850",
        "spark.sql.statistics.colStats.snow_liquid_ratio_accuweather.createdBy": "root",
        "spark.sql.statistics.colStats.snow_lwe.max": "0.0",
        "spark.sql.statistics.colStats.thunderstorm_probability.rowCount": "6850",
        "spark.sql.statistics.createdBy": "root",
        "spark.sql.statistics.colStats.temperature.createdBy": "root",
        "spark.sql.statistics.colStats.has_ice.avgLen": "1",
        "spark.sql.statistics.colStats.precipitation_type_desc.maxLen": "4",
        "spark.sql.statistics.colStats.has_rain.min": "false",
        "spark.sql.statistics.colStats.wind_direction.avgLen": "8",
        "spark.sql.statistics.colStats.has_ice.distinctCount": "1",
        "spark.sql.statistics.colStats.wind_gust.maxLen": "8",
        "spark.sql.statistics.colStats.temperature_realfeel_shade.version": "2",
        "spark.sql.statistics.colStats.humidity_relative.rowCount": "6850",
        "spark.sql.statistics.colStats.snow_lwe.createdBy": "root",
        "spark.sql.statistics.colStats.temperature_wind_chill.min": "27.47",
        "spark.sql.statistics.colStats.wind_gust.max": "49.0",
        "spark.sql.statistics.colStats.solar_irradiance.createdBy": "root",
        "spark.sql.statistics.colStats.snow_probability.max": "16",
        "spark.sql.statistics.colStats.ice_lwe.min": "0.0",
        "spark.sql.statistics.colStats.precipitation_lwe.min": "0.0",
        "delta.dropFeatureTruncateHistory.retentionDuration": "0 hours",
        "spark.sql.statistics.colStats.solar_irradiance.max": "1091.3",
        "spark.sql.statistics.colStats.cloud_cover_perc_total.distinctCount": "98",
        "spark.sql.statistics.colStats.has_precipitation.avgLen": "1",
        "spark.sql.statistics.colStats.snow_probability.version": "2",
        "spark.sql.statistics.colStats.snow_lwe.createdAt": "1755184184274",
        "spark.sql.statistics.colStats.temperature.distinctCount": "3690",
        "spark.sql.statistics.colStats.humidity_relative.maxLen": "8",
        "spark.sql.statistics.colStats.cloud_base_height.max": "40000",
        "spark.sql.statistics.colStats.index_uv.version": "2",
        "spark.sql.statistics.colStats.wind_speed.max": "28.0",
        "spark.sql.statistics.colStats.temperature.rowCount": "6850",
        "spark.sql.statistics.colStats.temperature_realfeel_shade.maxLen": "8",
        "spark.sql.statistics.colStats.rain_probability.nullCount": "0",
        "spark.sql.statistics.colStats.minutes_of_sun.maxLen": "4",
        "spark.sql.statistics.colStats.cloud_base_height.min": "0",
        "spark.sql.statistics.colStats.rain_probability.createdBy": "root",
        "spark.sql.statistics.colStats.ice_probability.version": "2",
        "spark.sql.statistics.colStats.precipitation_lwe.maxLen": "8",
        "spark.sql.statistics.colStats.temperature_wind_chill.nullCount": "0",
        "spark.sql.statistics.colStats.precipitation_probability.createdAt": "1755184184274",
        "spark.sql.statistics.colStats.country_code.distinctCount": "43",
        "spark.sql.statistics.colStats.temperature_heat_index.distinctCount": "4193",
        "spark.sql.statistics.colStats.cloud_base_height.rowCount": "6850",
        "spark.sql.statistics.colStats.index_uv.maxLen": "8",
        "spark.sql.statistics.colStats.datetime_valid_local.rowCount": "6850",
        "spark.sql.statistics.colStats.temperature_realfeel.avgLen": "8"
    },
    "extended_info": {
        "sql_path": "",
        "browse_only": false,
        "enable_predictive_optimization": false,
        "pipeline_id": "",
        "effective_predictive_optimization_flag": {}
    }
}