{
    "describe_table": {
        "table_name": "claims_sample_synthetic",
        "catalog": "samples",
        "schema": "healthverity",
        "table_type": "MANAGED",
        "comment": "\nHealthVerity synchronizes transformational technologies with the nation\u2019s largest healthcare and consumer data ecosystem to power previously unattainable outcomes and fundamentally advance science. HealthVerity offers hundreds of data sources across medical, pharmacy, lab, biomarker, EHR, consumer, and more.\n\nThis sample high-fidelity synthetic dataset from HealthVerity represents 1,500+ synthetic patients modeled on de-identified medical and pharmacy claims. **This dataset is intended for educational rather than production purposes, and may be used solely in non-production settings for internal testing, evaluation and/or informational purposes, and may not be relied upon or used for general commercial use**. This is only a synthetic sample dataset meant to illustrate a small portion of the type and volume of Real-world Data that is available within the HealthVerity Marketplace ecosystem. HealthVerity would welcome the opportunity to learn more about your project, and determine the optimal patient data for your objective. For more details on our offerings, please visit our website ([https://www.healthverity.com](https://www.healthverity.com)) or contact us through [https://www.healthverity.com/contact/](https://www.healthverity.com/contact/).\n",
        "created_at": 1755342300152,
        "updated_at": 1755342300152,
        "owner": "System user",
        "columns": []
    },
    "describe_detail": {
        "location": "s3://system-tables-prod-us-east-2-uc-metastore-bucket/metastore/b622f329-0f39-444f-9dbb-5733ba3e2021/tables/3046cb5e-504e-4d61-9844-fff2ea7eb4d0",
        "provider": "DELTA",
        "table_id": "1f598c6a-2b26-47e0-b264-efc55b68c28c",
        "metastore_id": "851f9499-ddfc-40a9-9bac-1fe4f4ca22ed",
        "full_name": "samples.healthverity.claims_sample_synthetic",
        "detail_info": {}
    },
    "table_properties": {},
    "extended_info": {
        "sql_path": "",
        "browse_only": false,
        "enable_predictive_optimization": false,
        "pipeline_id": "",
        "effective_predictive_optimization_flag": {}
    }
}