{
    "describe_table": {
        "table_name": "supplier",
        "catalog": "samples",
        "schema": "tpch",
        "table_type": "MANAGED",
        "comment": "",
        "created_at": 1755339857628,
        "updated_at": 1755339857628,
        "owner": "System user",
        "columns": []
    },
    "describe_detail": {
        "location": "s3://system-tables-prod-us-east-2-uc-metastore-bucket/metastore/b622f329-0f39-444f-9dbb-5733ba3e2021/tables/21313faf-3ce7-444a-901c-31ac2468726f",
        "provider": "DELTA",
        "table_id": "2877f60f-a3c3-4d21-9157-35a17b94b935",
        "metastore_id": "851f9499-ddfc-40a9-9bac-1fe4f4ca22ed",
        "full_name": "samples.tpch.supplier",
        "detail_info": {}
    },
    "table_properties": {},
    "extended_info": {
        "sql_path": "",
        "browse_only": false,
        "enable_predictive_optimization": false,
        "pipeline_id": "",
        "effective_predictive_optimization_flag": {}
    }
}