{
    "describe_table": {
        "table_name": "trips",
        "catalog": "samples",
        "schema": "nyctaxi",
        "table_type": "MANAGED",
        "comment": "",
        "created_at": 1755339857571,
        "updated_at": 1755339857571,
        "owner": "System user",
        "columns": []
    },
    "describe_detail": {
        "location": "s3://system-tables-prod-us-east-2-uc-metastore-bucket/metastore/b622f329-0f39-444f-9dbb-5733ba3e2021/tables/78b679bd-5656-4852-b0d3-1b93d1ee9e19",
        "provider": "DELTA",
        "table_id": "f4dde29b-da84-4ec2-b9c8-d0826a9edef8",
        "metastore_id": "851f9499-ddfc-40a9-9bac-1fe4f4ca22ed",
        "full_name": "samples.nyctaxi.trips",
        "detail_info": {}
    },
    "table_properties": {},
    "extended_info": {
        "sql_path": "",
        "browse_only": false,
        "enable_predictive_optimization": false,
        "pipeline_id": "",
        "effective_predictive_optimization_flag": {}
    }
}