{
  "durations": [
    {
      "spec": "cypress/integration/other/configuration.spec.js",
      "duration": 5659
    },
    {
      "spec": "cypress/integration/other/external-diagrams.spec.js",
      "duration": 2015
    },
    {
      "spec": "cypress/integration/other/ghsa.spec.js",
      "duration": 3195
    },
    {
      "spec": "cypress/integration/other/iife.spec.js",
      "duration": 1976
    },
    {
      "spec": "cypress/integration/other/interaction.spec.js",
      "duration": 11149
    },
    {
      "spec": "cypress/integration/other/rerender.spec.js",
      "duration": 1910
    },
    {
      "spec": "cypress/integration/other/xss.spec.js",
      "duration": 26998
    },
    {
      "spec": "cypress/integration/rendering/appli.spec.js",
      "duration": 3176
    },
    {
      "spec": "cypress/integration/rendering/architecture.spec.ts",
      "duration": 110
    },
    {
      "spec": "cypress/integration/rendering/block.spec.js",
      "duration": 16265
    },
    {
      "spec": "cypress/integration/rendering/c4.spec.js",
      "duration": 5431
    },
    {
      "spec": "cypress/integration/rendering/classDiagram-elk-v3.spec.js",
      "duration": 38025
    },
    {
      "spec": "cypress/integration/rendering/classDiagram-handDrawn-v3.spec.js",
      "duration": 36179
    },
    {
      "spec": "cypress/integration/rendering/classDiagram-v2.spec.js",
      "duration": 22386
    },
    {
      "spec": "cypress/integration/rendering/classDiagram-v3.spec.js",
      "duration": 35378
    },
    {
      "spec": "cypress/integration/rendering/classDiagram.spec.js",
      "duration": 14967
    },
    {
      "spec": "cypress/integration/rendering/conf-and-directives.spec.js",
      "duration": 9140
    },
    {
      "spec": "cypress/integration/rendering/current.spec.js",
      "duration": 2652
    },
    {
      "spec": "cypress/integration/rendering/erDiagram-unified.spec.js",
      "duration": 82257
    },
    {
      "spec": "cypress/integration/rendering/erDiagram.spec.js",
      "duration": 14138
    },
    {
      "spec": "cypress/integration/rendering/errorDiagram.spec.js",
      "duration": 3718
    },
    {
      "spec": "cypress/integration/rendering/flowchart-elk.spec.js",
      "duration": 39683
    },
    {
      "spec": "cypress/integration/rendering/flowchart-handDrawn.spec.js",
      "duration": 28676
    },
    {
      "spec": "cypress/integration/rendering/flowchart-icon.spec.js",
      "duration": 7080
    },
    {
      "spec": "cypress/integration/rendering/flowchart-shape-alias.spec.ts",
      "duration": 23175
    },
    {
      "spec": "cypress/integration/rendering/flowchart-v2.spec.js",
      "duration": 40846
    },
    {
      "spec": "cypress/integration/rendering/flowchart.spec.js",
      "duration": 29743
    },
    {
      "spec": "cypress/integration/rendering/gantt.spec.js",
      "duration": 17352
    },
    {
      "spec": "cypress/integration/rendering/gitGraph.spec.js",
      "duration": 48514
    },
    {
      "spec": "cypress/integration/rendering/iconShape.spec.ts",
      "duration": 262422
    },
    {
      "spec": "cypress/integration/rendering/imageShape.spec.ts",
      "duration": 54513
    },
    {
      "spec": "cypress/integration/rendering/info.spec.ts",
      "duration": 3025
    },
    {
      "spec": "cypress/integration/rendering/journey.spec.js",
      "duration": 6994
    },
    {
      "spec": "cypress/integration/rendering/kanban.spec.ts",
      "duration": 7346
    },
    {
      "spec": "cypress/integration/rendering/katex.spec.js",
      "duration": 3642
    },
    {
      "spec": "cypress/integration/rendering/marker_unique_id.spec.js",
      "duration": 2464
    },
    {
      "spec": "cypress/integration/rendering/mindmap.spec.ts",
      "duration": 10882
    },
    {
      "spec": "cypress/integration/rendering/newShapes.spec.ts",
      "duration": 142092
    },
    {
      "spec": "cypress/integration/rendering/oldShapes.spec.ts",
      "duration": 109340
    },
    {
      "spec": "cypress/integration/rendering/packet.spec.ts",
      "duration": 4167
    },
    {
      "spec": "cypress/integration/rendering/pie.spec.ts",
      "duration": 5736
    },
    {
      "spec": "cypress/integration/rendering/quadrantChart.spec.js",
      "duration": 8628
    },
    {
      "spec": "cypress/integration/rendering/radar.spec.js",
      "duration": 5311
    },
    {
      "spec": "cypress/integration/rendering/requirement.spec.js",
      "duration": 2619
    },
    {
      "spec": "cypress/integration/rendering/requirementDiagram-unified.spec.js",
      "duration": 50640
    },
    {
      "spec": "cypress/integration/rendering/sankey.spec.ts",
      "duration": 6735
    },
    {
      "spec": "cypress/integration/rendering/sequencediagram.spec.js",
      "duration": 34777
    },
    {
      "spec": "cypress/integration/rendering/stateDiagram-v2.spec.js",
      "duration": 24440
    },
    {
      "spec": "cypress/integration/rendering/stateDiagram.spec.js",
      "duration": 15476
    },
    {
      "spec": "cypress/integration/rendering/theme.spec.js",
      "duration": 27932
    },
    {
      "spec": "cypress/integration/rendering/timeline.spec.ts",
      "duration": 8162
    },
    {
      "spec": "cypress/integration/rendering/treemap.spec.ts",
      "duration": 11763
    },
    {
      "spec": "cypress/integration/rendering/xyChart.spec.js",
      "duration": 19759
    },
    {
      "spec": "cypress/integration/rendering/zenuml.spec.js",
      "duration": 3316
    }
  ]
}
